-- phpMyAdmin SQL Dump
-- version 4.6.5.2
-- https://www.phpmyadmin.net/
--
-- Host: localhost
-- Generation Time: May 23, 2017 at 09:11 AM
-- Server version: 5.7.9
-- PHP Version: 5.6.15-1+deb.sury.org~trusty+1

SET SQL_MODE = "NO_AUTO_VALUE_ON_ZERO";
SET time_zone = "+00:00";


/*!40101 SET @OLD_CHARACTER_SET_CLIENT=@@CHARACTER_SET_CLIENT */;
/*!40101 SET @OLD_CHARACTER_SET_RESULTS=@@CHARACTER_SET_RESULTS */;
/*!40101 SET @OLD_COLLATION_CONNECTION=@@COLLATION_CONNECTION */;
/*!40101 SET NAMES utf8mb4 */;

--
-- Database: `dataanalysis`
--

-- --------------------------------------------------------

--
-- Table structure for table `clients`
--

CREATE TABLE `clients` (
  `id` int(10) UNSIGNED NOT NULL,
  `business_name` varchar(255) COLLATE utf8_unicode_ci NOT NULL,
  `created_at` timestamp NULL DEFAULT NULL,
  `updated_at` timestamp NULL DEFAULT NULL,
  `deleted_at` timestamp NULL DEFAULT NULL
) ENGINE=InnoDB DEFAULT CHARSET=utf8 COLLATE=utf8_unicode_ci;

--
-- Dumping data for table `clients`
--

INSERT INTO `clients` (`id`, `business_name`, `created_at`, `updated_at`, `deleted_at`) VALUES
(2000, 'Test Company, LLC', '2017-03-21 07:15:30', '2017-03-21 07:15:30', NULL),
(2001, 'Layman Lewis Financial Group', '2017-03-29 21:42:09', '2017-03-29 21:42:09', NULL),
(2002, 'Epstein and White Financial', '2017-04-04 22:44:04', '2017-04-04 22:44:04', NULL);

-- --------------------------------------------------------

--
-- Table structure for table `geocodes`
--

CREATE TABLE `geocodes` (
  `id` int(11) NOT NULL,
  `address` varchar(250) COLLATE utf8_unicode_ci NOT NULL,
  `latitude` decimal(13,10) DEFAULT NULL,
  `longitude` decimal(13,10) DEFAULT NULL,
  `created_at` timestamp NULL DEFAULT NULL,
  `updated_at` timestamp NULL DEFAULT NULL
) ENGINE=InnoDB DEFAULT CHARSET=utf8 COLLATE=utf8_unicode_ci;

-- --------------------------------------------------------

--
-- Table structure for table `logs`
--

CREATE TABLE `logs` (
  `id` int(11) NOT NULL,
  `user_id` int(11) NOT NULL,
  `model` varchar(50) COLLATE utf8_unicode_ci NOT NULL,
  `model_id` int(11) NOT NULL,
  `action` varchar(50) COLLATE utf8_unicode_ci NOT NULL,
  `created_at` timestamp NOT NULL,
  `updated_at` timestamp NOT NULL
) ENGINE=InnoDB DEFAULT CHARSET=utf8 COLLATE=utf8_unicode_ci;

--
-- Dumping data for table `logs`
--

INSERT INTO `logs` (`id`, `user_id`, `model`, `model_id`, `action`, `created_at`, `updated_at`) VALUES
(1, 1001, 'user', 1001, 'login', '2017-04-04 14:26:32', '2017-04-04 14:26:32'),
(3, 1000, 'spreadsheet', 3005, 'edited', '2017-04-04 22:44:54', '2017-04-04 22:44:54'),
(10, 1001, 'user', 1001, 'login', '2017-04-04 23:42:51', '2017-04-04 23:42:51'),
(14, 1001, 'user', 1001, 'login', '2017-04-10 15:45:00', '2017-04-10 15:45:00'),
(15, 1001, 'user', 1001, 'login', '2017-04-10 15:47:39', '2017-04-10 15:47:39'),
(17, 1001, 'user', 1001, 'login', '2017-04-12 07:31:30', '2017-04-12 07:31:30'),
(18, 1001, 'user', 1001, 'login', '2017-04-12 13:27:52', '2017-04-12 13:27:52'),
(19, 1001, 'user', 1001, 'login', '2017-04-13 13:31:06', '2017-04-13 13:31:06'),
(20, 1001, 'user', 1001, 'login', '2017-04-18 13:08:06', '2017-04-18 13:08:06'),
(22, 1001, 'report', 4000, 'viewed', '2017-04-18 13:12:17', '2017-04-18 13:12:17'),
(23, 1001, 'report', 4001, 'viewed', '2017-04-18 13:12:37', '2017-04-18 13:12:37'),
(24, 1001, 'report', 4002, 'viewed', '2017-04-18 13:12:41', '2017-04-18 13:12:41'),
(25, 1001, 'report', 4002, 'viewed', '2017-04-18 13:13:17', '2017-04-18 13:13:17'),
(26, 1001, 'report', 4004, 'viewed', '2017-04-18 13:13:19', '2017-04-18 13:13:19'),
(27, 1001, 'report', 4004, 'viewed', '2017-04-18 13:13:58', '2017-04-18 13:13:58'),
(28, 1001, 'report', 4002, 'viewed', '2017-04-18 13:14:00', '2017-04-18 13:14:00'),
(29, 1001, 'report', 4002, 'viewed', '2017-04-18 13:14:23', '2017-04-18 13:14:23'),
(30, 1001, 'report', 4004, 'viewed', '2017-04-18 13:14:53', '2017-04-18 13:14:53'),
(31, 1001, 'report', 4005, 'viewed', '2017-04-18 13:14:57', '2017-04-18 13:14:57'),
(32, 1001, 'report', 4004, 'viewed', '2017-04-18 13:15:03', '2017-04-18 13:15:03'),
(33, 1001, 'report', 4002, 'viewed', '2017-04-18 13:15:04', '2017-04-18 13:15:04'),
(34, 1001, 'report', 4001, 'viewed', '2017-04-18 13:15:06', '2017-04-18 13:15:06'),
(35, 1001, 'report', 4000, 'viewed', '2017-04-18 13:15:07', '2017-04-18 13:15:07'),
(36, 1001, 'report', 4000, 'viewed', '2017-04-18 13:19:57', '2017-04-18 13:19:57'),
(38, 1001, 'user', 1001, 'login', '2017-04-19 10:48:50', '2017-04-19 10:48:50'),
(40, 1001, 'user', 1001, 'login', '2017-04-19 10:56:29', '2017-04-19 10:56:29'),
(41, 1001, 'report', 4005, 'viewed', '2017-04-19 11:22:17', '2017-04-19 11:22:17'),
(42, 1001, 'report', 4004, 'viewed', '2017-04-19 12:14:28', '2017-04-19 12:14:28'),
(43, 1001, 'report', 4001, 'viewed', '2017-04-19 12:14:38', '2017-04-19 12:14:38'),
(44, 1001, 'report', 4002, 'viewed', '2017-04-19 12:20:18', '2017-04-19 12:20:18'),
(45, 1001, 'report', 4002, 'viewed', '2017-04-19 12:21:05', '2017-04-19 12:21:05'),
(46, 1001, 'spreadsheet', 3002, 'edited', '2017-04-19 12:21:47', '2017-04-19 12:21:47'),
(47, 1001, 'report', 4002, 'viewed', '2017-04-19 12:21:48', '2017-04-19 12:21:48'),
(48, 1001, 'report', 4004, 'viewed', '2017-04-19 12:36:09', '2017-04-19 12:36:09'),
(49, 1001, 'report', 4001, 'viewed', '2017-04-19 12:36:26', '2017-04-19 12:36:26'),
(50, 1001, 'report', 4001, 'viewed', '2017-04-19 12:48:21', '2017-04-19 12:48:21'),
(51, 1001, 'report', 4002, 'viewed', '2017-04-19 12:48:25', '2017-04-19 12:48:25'),
(52, 1001, 'report', 4002, 'viewed', '2017-04-19 13:06:32', '2017-04-19 13:06:32'),
(53, 1001, 'user', 1001, 'login', '2017-04-22 05:29:07', '2017-04-22 05:29:07'),
(54, 1001, 'report', 4005, 'viewed', '2017-04-22 05:29:30', '2017-04-22 05:29:30'),
(55, 1001, 'report', 4005, 'viewed', '2017-04-22 05:29:40', '2017-04-22 05:29:40'),
(56, 1001, 'user', 1001, 'login', '2017-04-28 02:04:55', '2017-04-28 02:04:55'),
(57, 1001, 'user', 1001, 'login', '2017-05-02 07:54:50', '2017-05-02 07:54:50'),
(58, 1001, 'report', 4001, 'viewed', '2017-05-02 07:55:18', '2017-05-02 07:55:18'),
(59, 1001, 'report', 4002, 'viewed', '2017-05-02 07:55:24', '2017-05-02 07:55:24'),
(60, 1001, 'report', 4004, 'viewed', '2017-05-02 07:55:26', '2017-05-02 07:55:26'),
(61, 1001, 'report', 4005, 'viewed', '2017-05-02 07:55:32', '2017-05-02 07:55:32'),
(62, 1001, 'report', 4005, 'viewed', '2017-05-02 07:55:40', '2017-05-02 07:55:40'),
(63, 1001, 'report', 4004, 'viewed', '2017-05-02 07:55:45', '2017-05-02 07:55:45'),
(64, 1001, 'report', 4002, 'viewed', '2017-05-02 07:55:48', '2017-05-02 07:55:48'),
(65, 1001, 'report', 4001, 'viewed', '2017-05-02 07:55:50', '2017-05-02 07:55:50'),
(66, 1001, 'report', 4000, 'viewed', '2017-05-02 07:55:53', '2017-05-02 07:55:53'),
(67, 1001, 'report', 4000, 'updated', '2017-05-02 07:58:01', '2017-05-02 07:58:01'),
(68, 1001, 'report', 4000, 'viewed', '2017-05-02 07:58:03', '2017-05-02 07:58:03'),
(69, 1001, 'report', 4001, 'viewed', '2017-05-02 07:58:06', '2017-05-02 07:58:06'),
(70, 1001, 'report', 4001, 'updated', '2017-05-02 07:58:37', '2017-05-02 07:58:37'),
(71, 1001, 'report', 4001, 'viewed', '2017-05-02 07:58:54', '2017-05-02 07:58:54'),
(72, 1001, 'report', 4002, 'updated', '2017-05-02 07:59:33', '2017-05-02 07:59:33'),
(73, 1001, 'report', 4002, 'viewed', '2017-05-02 07:59:48', '2017-05-02 07:59:48'),
(74, 1001, 'report', 4004, 'updated', '2017-05-02 08:00:20', '2017-05-02 08:00:20'),
(75, 1001, 'report', 4004, 'viewed', '2017-05-02 08:00:26', '2017-05-02 08:00:26'),
(76, 1001, 'report', 4005, 'viewed', '2017-05-02 08:01:25', '2017-05-02 08:01:25'),
(77, 1001, 'user', 1001, 'login', '2017-05-02 06:36:34', '2017-05-02 06:36:34'),
(78, 1001, 'report', 4000, 'viewed', '2017-05-02 06:43:12', '2017-05-02 06:43:12'),
(79, 1001, 'report', 4008, 'created', '2017-05-02 07:07:09', '2017-05-02 07:07:09'),
(80, 1001, 'report', 4001, 'viewed', '2017-05-02 07:08:19', '2017-05-02 07:08:19'),
(81, 1001, 'report', 4002, 'viewed', '2017-05-02 07:08:37', '2017-05-02 07:08:37'),
(82, 1001, 'report', 4004, 'viewed', '2017-05-02 07:08:39', '2017-05-02 07:08:39'),
(83, 1001, 'report', 4001, 'viewed', '2017-05-02 07:08:45', '2017-05-02 07:08:45'),
(84, 1001, 'report', 4002, 'viewed', '2017-05-02 07:20:42', '2017-05-02 07:20:42'),
(85, 1001, 'report', 4002, 'viewed', '2017-05-02 07:24:54', '2017-05-02 07:24:54'),
(86, 1001, 'report', 4002, 'updated', '2017-05-02 07:25:02', '2017-05-02 07:25:02'),
(87, 1001, 'report', 4002, 'viewed', '2017-05-02 07:25:08', '2017-05-02 07:25:08'),
(88, 1001, 'report', 4002, 'viewed', '2017-05-02 07:27:34', '2017-05-02 07:27:34'),
(89, 1001, 'report', 4002, 'viewed', '2017-05-02 07:28:14', '2017-05-02 07:28:14'),
(90, 1001, 'report', 4002, 'viewed', '2017-05-02 07:28:24', '2017-05-02 07:28:24'),
(91, 1001, 'report', 4002, 'viewed', '2017-05-02 07:28:43', '2017-05-02 07:28:43'),
(92, 1001, 'report', 4000, 'viewed', '2017-05-02 07:29:03', '2017-05-02 07:29:03'),
(93, 1001, 'report', 4000, 'viewed', '2017-05-02 07:30:20', '2017-05-02 07:30:20'),
(94, 1001, 'report', 4001, 'viewed', '2017-05-02 07:30:43', '2017-05-02 07:30:43'),
(95, 1001, 'report', 4002, 'viewed', '2017-05-02 07:30:57', '2017-05-02 07:30:57'),
(96, 1001, 'report', 4004, 'viewed', '2017-05-02 07:31:07', '2017-05-02 07:31:07'),
(97, 1001, 'report', 4005, 'viewed', '2017-05-02 07:31:28', '2017-05-02 07:31:28'),
(98, 1001, 'report', 4004, 'viewed', '2017-05-02 07:31:47', '2017-05-02 07:31:47'),
(99, 1001, 'report', 4002, 'viewed', '2017-05-02 07:43:56', '2017-05-02 07:43:56'),
(100, 1001, 'report', 4002, 'viewed', '2017-05-02 07:48:31', '2017-05-02 07:48:31'),
(101, 1001, 'report', 4005, 'viewed', '2017-05-02 07:54:55', '2017-05-02 07:54:55'),
(102, 1001, 'report', 4005, 'viewed', '2017-05-02 07:58:04', '2017-05-02 07:58:04'),
(103, 1001, 'report', 4001, 'viewed', '2017-05-02 08:01:02', '2017-05-02 08:01:02'),
(104, 1001, 'report', 4000, 'viewed', '2017-05-02 08:01:27', '2017-05-02 08:01:27'),
(105, 1001, 'user', 1001, 'login', '2017-05-03 04:59:02', '2017-05-03 04:59:02'),
(106, 1001, 'report', 4000, 'viewed', '2017-05-03 04:59:24', '2017-05-03 04:59:24'),
(107, 1001, 'report', 4000, 'updated', '2017-05-03 05:29:15', '2017-05-03 05:29:15'),
(108, 1001, 'report', 4000, 'viewed', '2017-05-03 05:34:00', '2017-05-03 05:34:00'),
(109, 1001, 'report', 4000, 'viewed', '2017-05-03 05:35:02', '2017-05-03 05:35:02'),
(110, 1001, 'report', 4000, 'viewed', '2017-05-03 05:41:01', '2017-05-03 05:41:01'),
(111, 1001, 'report', 4000, 'viewed', '2017-05-03 05:50:12', '2017-05-03 05:50:12'),
(112, 1001, 'report', 4000, 'updated', '2017-05-03 06:02:35', '2017-05-03 06:02:35'),
(113, 1001, 'report', 4000, 'viewed', '2017-05-03 06:02:41', '2017-05-03 06:02:41'),
(114, 1001, 'report', 4000, 'viewed', '2017-05-03 06:03:48', '2017-05-03 06:03:48'),
(115, 1001, 'report', 4000, 'viewed', '2017-05-03 06:04:10', '2017-05-03 06:04:10'),
(116, 1001, 'spreadsheet', 3001, 'edited', '2017-05-03 06:08:10', '2017-05-03 06:08:10'),
(117, 1001, 'report', 4000, 'viewed', '2017-05-03 06:12:46', '2017-05-03 06:12:46'),
(118, 1001, 'report', 4001, 'viewed', '2017-05-03 06:13:18', '2017-05-03 06:13:18'),
(119, 1001, 'report', 4002, 'viewed', '2017-05-03 06:13:37', '2017-05-03 06:13:37'),
(120, 1001, 'report', 4004, 'viewed', '2017-05-03 06:13:44', '2017-05-03 06:13:44'),
(121, 1001, 'report', 4005, 'viewed', '2017-05-03 06:14:11', '2017-05-03 06:14:11'),
(122, 1001, 'report', 4005, 'viewed', '2017-05-03 06:15:08', '2017-05-03 06:15:08'),
(123, 1001, 'report', 4005, 'viewed', '2017-05-03 06:17:26', '2017-05-03 06:17:26'),
(124, 1001, 'report', 4005, 'viewed', '2017-05-03 06:18:08', '2017-05-03 06:18:08'),
(125, 1001, 'report', 4005, 'viewed', '2017-05-03 06:18:25', '2017-05-03 06:18:25'),
(126, 1001, 'report', 4005, 'viewed', '2017-05-03 06:18:54', '2017-05-03 06:18:54'),
(127, 1001, 'report', 4004, 'viewed', '2017-05-03 06:19:01', '2017-05-03 06:19:01'),
(128, 1001, 'report', 4002, 'viewed', '2017-05-03 06:19:04', '2017-05-03 06:19:04'),
(129, 1001, 'report', 4005, 'viewed', '2017-05-03 06:19:14', '2017-05-03 06:19:14'),
(130, 1001, 'report', 4001, 'viewed', '2017-05-03 06:19:22', '2017-05-03 06:19:22'),
(131, 1001, 'report', 4001, 'viewed', '2017-05-03 06:19:37', '2017-05-03 06:19:37'),
(132, 1001, 'report', 4000, 'viewed', '2017-05-03 06:19:40', '2017-05-03 06:19:40'),
(133, 1001, 'report', 4000, 'updated', '2017-05-03 06:22:18', '2017-05-03 06:22:18'),
(134, 1001, 'report', 4000, 'viewed', '2017-05-03 06:22:24', '2017-05-03 06:22:24'),
(135, 1001, 'report', 4000, 'viewed', '2017-05-03 06:24:52', '2017-05-03 06:24:52'),
(136, 1001, 'report', 4000, 'viewed', '2017-05-03 06:30:41', '2017-05-03 06:30:41'),
(137, 1001, 'report', 4000, 'viewed', '2017-05-03 06:33:38', '2017-05-03 06:33:38'),
(138, 1001, 'report', 4000, 'viewed', '2017-05-03 06:35:05', '2017-05-03 06:35:05'),
(139, 1001, 'report', 4000, 'viewed', '2017-05-03 06:41:58', '2017-05-03 06:41:58'),
(140, 1001, 'report', 4000, 'viewed', '2017-05-03 06:48:07', '2017-05-03 06:48:07'),
(141, 1001, 'user', 1001, 'login', '2017-05-03 20:57:28', '2017-05-03 20:57:28'),
(145, 1001, 'user', 1001, 'login', '2017-05-11 06:44:47', '2017-05-11 06:44:47'),
(146, 1001, 'report', 4000, 'viewed', '2017-05-11 07:29:56', '2017-05-11 07:29:56'),
(147, 1001, 'report', 4000, 'viewed', '2017-05-11 07:32:00', '2017-05-11 07:32:00'),
(148, 1001, 'report', 4001, 'viewed', '2017-05-11 07:33:00', '2017-05-11 07:33:00'),
(149, 1001, 'report', 4001, 'viewed', '2017-05-11 07:36:02', '2017-05-11 07:36:02'),
(150, 1001, 'report', 4001, 'viewed', '2017-05-11 07:53:18', '2017-05-11 07:53:18'),
(151, 1001, 'report', 4002, 'viewed', '2017-05-11 07:55:42', '2017-05-11 07:55:42'),
(152, 1001, 'user', 1001, 'login', '2017-05-12 05:14:36', '2017-05-12 05:14:36'),
(153, 1001, 'user', 1001, 'login', '2017-05-12 07:36:16', '2017-05-12 07:36:16'),
(154, 1001, 'spreadsheet', 3001, 'updated', '2017-05-12 07:40:50', '2017-05-12 07:40:50'),
(155, 1001, 'user', 1001, 'login', '2017-05-13 11:08:43', '2017-05-13 11:08:43'),
(156, 1001, 'user', 1001, 'login', '2017-05-13 04:14:45', '2017-05-13 04:14:45'),
(157, 1001, 'user', 1001, 'login', '2017-05-13 04:26:22', '2017-05-13 04:26:22'),
(158, 1001, 'report', 4000, 'viewed', '2017-05-13 04:36:49', '2017-05-13 04:36:49'),
(159, 1001, 'report', 4000, 'viewed', '2017-05-13 04:38:27', '2017-05-13 04:38:27'),
(160, 1001, 'report', 4000, 'viewed', '2017-05-13 04:38:44', '2017-05-13 04:38:44'),
(161, 1001, 'report', 4000, 'viewed', '2017-05-13 04:38:46', '2017-05-13 04:38:46'),
(162, 1001, 'report', 4000, 'viewed', '2017-05-13 04:38:59', '2017-05-13 04:38:59'),
(163, 1001, 'report', 4000, 'viewed', '2017-05-13 04:39:04', '2017-05-13 04:39:04'),
(164, 1001, 'report', 4001, 'viewed', '2017-05-13 04:39:58', '2017-05-13 04:39:58'),
(165, 1001, 'report', 4001, 'viewed', '2017-05-13 04:41:03', '2017-05-13 04:41:03'),
(166, 1001, 'report', 4001, 'viewed', '2017-05-13 04:41:05', '2017-05-13 04:41:05'),
(167, 1001, 'report', 4001, 'viewed', '2017-05-13 04:41:15', '2017-05-13 04:41:15'),
(168, 1001, 'report', 4001, 'viewed', '2017-05-13 04:43:42', '2017-05-13 04:43:42'),
(169, 1001, 'report', 4001, 'viewed', '2017-05-13 04:43:55', '2017-05-13 04:43:55'),
(170, 1001, 'report', 4001, 'viewed', '2017-05-13 04:43:58', '2017-05-13 04:43:58'),
(171, 1001, 'report', 4001, 'viewed', '2017-05-13 04:44:05', '2017-05-13 04:44:05'),
(172, 1001, 'report', 4001, 'viewed', '2017-05-13 04:44:08', '2017-05-13 04:44:08'),
(173, 1001, 'report', 4001, 'viewed', '2017-05-13 04:44:21', '2017-05-13 04:44:21'),
(174, 1001, 'report', 4001, 'viewed', '2017-05-13 04:45:57', '2017-05-13 04:45:57'),
(175, 1001, 'report', 4001, 'viewed', '2017-05-13 04:46:00', '2017-05-13 04:46:00'),
(176, 1001, 'report', 4001, 'viewed', '2017-05-13 04:46:27', '2017-05-13 04:46:27'),
(177, 1001, 'report', 4001, 'viewed', '2017-05-13 04:47:05', '2017-05-13 04:47:05'),
(178, 1001, 'report', 4001, 'viewed', '2017-05-13 04:47:32', '2017-05-13 04:47:32'),
(179, 1001, 'report', 4001, 'viewed', '2017-05-13 04:47:34', '2017-05-13 04:47:34'),
(180, 1001, 'report', 4001, 'viewed', '2017-05-13 04:47:44', '2017-05-13 04:47:44'),
(181, 1001, 'report', 4001, 'viewed', '2017-05-13 04:47:45', '2017-05-13 04:47:45'),
(182, 1001, 'report', 4001, 'viewed', '2017-05-13 04:48:37', '2017-05-13 04:48:37'),
(183, 1001, 'report', 4002, 'viewed', '2017-05-13 04:48:53', '2017-05-13 04:48:53'),
(184, 1001, 'report', 4004, 'viewed', '2017-05-13 04:49:10', '2017-05-13 04:49:10'),
(185, 1001, 'report', 4005, 'viewed', '2017-05-13 04:49:58', '2017-05-13 04:49:58'),
(186, 1001, 'user', 1001, 'login', '2017-05-13 14:18:33', '2017-05-13 14:18:33'),
(187, 1001, 'report', 4000, 'viewed', '2017-05-13 08:01:54', '2017-05-13 08:01:54'),
(188, 1001, 'report', 4000, 'viewed', '2017-05-13 08:02:02', '2017-05-13 08:02:02'),
(189, 1001, 'report', 4000, 'viewed', '2017-05-13 08:03:28', '2017-05-13 08:03:28'),
(190, 1001, 'report', 4000, 'viewed', '2017-05-13 08:05:06', '2017-05-13 08:05:06'),
(191, 1001, 'report', 4000, 'viewed', '2017-05-13 08:19:42', '2017-05-13 08:19:42'),
(192, 1001, 'report', 4000, 'viewed', '2017-05-13 08:20:30', '2017-05-13 08:20:30'),
(193, 1001, 'report', 4000, 'viewed', '2017-05-13 08:21:29', '2017-05-13 08:21:29'),
(194, 1001, 'report', 4001, 'viewed', '2017-05-13 08:22:21', '2017-05-13 08:22:21'),
(195, 1001, 'user', 1001, 'login', '2017-05-16 05:06:05', '2017-05-16 05:06:05'),
(196, 1001, 'report', 4000, 'viewed', '2017-05-15 22:49:45', '2017-05-15 22:49:45'),
(197, 1001, 'report', 4000, 'viewed', '2017-05-15 22:50:56', '2017-05-15 22:50:56'),
(198, 1001, 'report', 4000, 'viewed', '2017-05-15 22:52:49', '2017-05-15 22:52:49'),
(199, 1001, 'report', 4000, 'viewed', '2017-05-15 22:53:21', '2017-05-15 22:53:21'),
(200, 1001, 'report', 4000, 'viewed', '2017-05-15 22:53:46', '2017-05-15 22:53:46'),
(201, 1001, 'report', 4000, 'viewed', '2017-05-15 22:55:16', '2017-05-15 22:55:16'),
(202, 1001, 'report', 4000, 'viewed', '2017-05-15 22:56:59', '2017-05-15 22:56:59'),
(203, 1001, 'report', 4001, 'viewed', '2017-05-15 22:59:47', '2017-05-15 22:59:47'),
(204, 1001, 'report', 4001, 'viewed', '2017-05-15 23:00:25', '2017-05-15 23:00:25'),
(205, 1001, 'report', 4001, 'viewed', '2017-05-15 23:00:50', '2017-05-15 23:00:50'),
(206, 1001, 'report', 4001, 'viewed', '2017-05-15 23:00:56', '2017-05-15 23:00:56'),
(207, 1001, 'report', 4001, 'viewed', '2017-05-15 23:00:59', '2017-05-15 23:00:59'),
(208, 1001, 'user', 1001, 'login', '2017-05-19 12:08:56', '2017-05-19 12:08:56'),
(209, 1001, 'report', 4006, 'updated', '2017-05-19 06:33:46', '2017-05-19 06:33:46'),
(210, 1001, 'report', 4006, 'updated', '2017-05-19 06:49:23', '2017-05-19 06:49:23'),
(211, 1001, 'report', 4000, 'viewed', '2017-05-19 07:25:16', '2017-05-19 07:25:16'),
(212, 1001, 'report', 4000, 'viewed', '2017-05-19 07:25:25', '2017-05-19 07:25:25'),
(213, 1001, 'report', 4006, 'viewed', '2017-05-19 07:54:14', '2017-05-19 07:54:14'),
(214, 1001, 'report', 4006, 'viewed', '2017-05-19 08:08:44', '2017-05-19 08:08:44'),
(215, 1001, 'report', 4006, 'viewed', '2017-05-19 08:09:39', '2017-05-19 08:09:39'),
(216, 1001, 'report', 4006, 'viewed', '2017-05-19 08:10:06', '2017-05-19 08:10:06'),
(217, 1001, 'report', 4006, 'viewed', '2017-05-19 08:15:19', '2017-05-19 08:15:19'),
(218, 1001, 'report', 4006, 'viewed', '2017-05-19 08:17:31', '2017-05-19 08:17:31'),
(219, 1001, 'report', 4006, 'viewed', '2017-05-19 08:21:31', '2017-05-19 08:21:31'),
(220, 1001, 'report', 4006, 'viewed', '2017-05-19 08:25:39', '2017-05-19 08:25:39'),
(221, 1001, 'report', 4006, 'viewed', '2017-05-19 08:26:33', '2017-05-19 08:26:33'),
(222, 1001, 'report', 4006, 'viewed', '2017-05-19 08:27:57', '2017-05-19 08:27:57'),
(223, 1001, 'report', 4006, 'viewed', '2017-05-19 08:29:55', '2017-05-19 08:29:55'),
(224, 1001, 'report', 4006, 'viewed', '2017-05-19 08:30:31', '2017-05-19 08:30:31'),
(225, 1001, 'report', 4006, 'viewed', '2017-05-19 08:30:47', '2017-05-19 08:30:47'),
(226, 1001, 'report', 4006, 'viewed', '2017-05-19 08:30:57', '2017-05-19 08:30:57'),
(227, 1001, 'report', 4006, 'viewed', '2017-05-19 08:31:18', '2017-05-19 08:31:18'),
(228, 1001, 'report', 4006, 'viewed', '2017-05-19 08:32:01', '2017-05-19 08:32:01'),
(229, 1001, 'report', 4006, 'viewed', '2017-05-19 08:32:21', '2017-05-19 08:32:21'),
(230, 1001, 'report', 4006, 'viewed', '2017-05-19 08:33:00', '2017-05-19 08:33:00'),
(231, 1001, 'report', 4006, 'viewed', '2017-05-19 08:33:11', '2017-05-19 08:33:11'),
(232, 1001, 'report', 4006, 'viewed', '2017-05-19 08:33:51', '2017-05-19 08:33:51'),
(233, 1001, 'report', 4006, 'viewed', '2017-05-19 08:34:03', '2017-05-19 08:34:03'),
(234, 1001, 'report', 4006, 'viewed', '2017-05-19 08:34:46', '2017-05-19 08:34:46'),
(235, 1001, 'report', 4006, 'viewed', '2017-05-19 08:36:03', '2017-05-19 08:36:03'),
(236, 1001, 'report', 4006, 'viewed', '2017-05-19 08:36:24', '2017-05-19 08:36:24'),
(237, 1001, 'report', 4006, 'updated', '2017-05-19 08:39:41', '2017-05-19 08:39:41'),
(238, 1001, 'report', 4006, 'viewed', '2017-05-19 08:40:05', '2017-05-19 08:40:05'),
(239, 1001, 'report', 4006, 'updated', '2017-05-19 08:41:19', '2017-05-19 08:41:19'),
(240, 1001, 'report', 4006, 'viewed', '2017-05-19 08:41:24', '2017-05-19 08:41:24'),
(241, 1001, 'report', 4006, 'viewed', '2017-05-19 08:44:00', '2017-05-19 08:44:00'),
(242, 1001, 'report', 4006, 'viewed', '2017-05-19 08:44:09', '2017-05-19 08:44:09'),
(243, 1001, 'report', 4006, 'viewed', '2017-05-19 08:45:17', '2017-05-19 08:45:17'),
(244, 1001, 'user', 1001, 'login', '2017-05-20 13:21:19', '2017-05-20 13:21:19'),
(245, 1001, 'report', 4006, 'viewed', '2017-05-20 06:21:41', '2017-05-20 06:21:41'),
(246, 1001, 'report', 4006, 'viewed', '2017-05-20 06:30:22', '2017-05-20 06:30:22'),
(247, 1001, 'report', 4006, 'updated', '2017-05-20 06:45:27', '2017-05-20 06:45:27'),
(248, 1001, 'report', 4006, 'viewed', '2017-05-20 06:45:33', '2017-05-20 06:45:33'),
(249, 1001, 'report', 4006, 'viewed', '2017-05-20 06:45:42', '2017-05-20 06:45:42'),
(250, 1001, 'report', 4002, 'viewed', '2017-05-20 06:45:58', '2017-05-20 06:45:58'),
(251, 1001, 'report', 4006, 'viewed', '2017-05-20 06:46:23', '2017-05-20 06:46:23'),
(252, 1001, 'report', 4006, 'updated', '2017-05-20 06:48:51', '2017-05-20 06:48:51'),
(253, 1001, 'report', 4006, 'viewed', '2017-05-20 06:48:55', '2017-05-20 06:48:55'),
(254, 1001, 'report', 4007, 'viewed', '2017-05-20 06:49:15', '2017-05-20 06:49:15'),
(255, 1001, 'report', 4007, 'updated', '2017-05-20 06:51:36', '2017-05-20 06:51:36'),
(256, 1001, 'report', 4007, 'viewed', '2017-05-20 06:51:52', '2017-05-20 06:51:52'),
(257, 1001, 'report', 4002, 'viewed', '2017-05-20 06:52:05', '2017-05-20 06:52:05'),
(258, 1001, 'report', 4007, 'viewed', '2017-05-20 06:52:15', '2017-05-20 06:52:15'),
(259, 1001, 'report', 4007, 'viewed', '2017-05-20 06:55:21', '2017-05-20 06:55:21'),
(260, 1001, 'report', 4006, 'updated', '2017-05-20 06:56:26', '2017-05-20 06:56:26'),
(261, 1001, 'report', 4006, 'viewed', '2017-05-20 06:56:30', '2017-05-20 06:56:30'),
(262, 1001, 'report', 4006, 'viewed', '2017-05-20 06:58:15', '2017-05-20 06:58:15'),
(263, 1001, 'report', 4006, 'viewed', '2017-05-20 06:59:20', '2017-05-20 06:59:20'),
(264, 1001, 'report', 4006, 'viewed', '2017-05-20 07:00:35', '2017-05-20 07:00:35'),
(265, 1001, 'report', 4006, 'viewed', '2017-05-20 07:01:02', '2017-05-20 07:01:02'),
(266, 1001, 'report', 4006, 'viewed', '2017-05-20 07:01:51', '2017-05-20 07:01:51'),
(267, 1001, 'report', 4006, 'viewed', '2017-05-20 07:02:04', '2017-05-20 07:02:04'),
(268, 1001, 'report', 4006, 'viewed', '2017-05-20 07:02:33', '2017-05-20 07:02:33'),
(269, 1001, 'report', 4006, 'viewed', '2017-05-20 07:02:53', '2017-05-20 07:02:53'),
(270, 1001, 'report', 4006, 'viewed', '2017-05-20 07:03:06', '2017-05-20 07:03:06'),
(271, 1001, 'report', 4006, 'viewed', '2017-05-20 07:03:41', '2017-05-20 07:03:41'),
(272, 1001, 'report', 4006, 'viewed', '2017-05-20 07:03:54', '2017-05-20 07:03:54'),
(273, 1001, 'report', 4006, 'viewed', '2017-05-20 07:05:43', '2017-05-20 07:05:43'),
(274, 1001, 'report', 4006, 'viewed', '2017-05-20 07:06:20', '2017-05-20 07:06:20'),
(275, 1001, 'report', 4006, 'viewed', '2017-05-20 07:06:42', '2017-05-20 07:06:42'),
(276, 1001, 'report', 4006, 'viewed', '2017-05-20 07:08:35', '2017-05-20 07:08:35'),
(277, 1001, 'report', 4006, 'viewed', '2017-05-20 07:08:41', '2017-05-20 07:08:41'),
(278, 1001, 'report', 4006, 'viewed', '2017-05-20 07:08:45', '2017-05-20 07:08:45'),
(279, 1001, 'report', 4006, 'viewed', '2017-05-20 07:11:46', '2017-05-20 07:11:46'),
(280, 1001, 'report', 4006, 'viewed', '2017-05-20 07:11:50', '2017-05-20 07:11:50'),
(281, 1001, 'report', 4006, 'viewed', '2017-05-20 07:12:04', '2017-05-20 07:12:04'),
(282, 1001, 'report', 4006, 'viewed', '2017-05-20 07:13:07', '2017-05-20 07:13:07'),
(283, 1001, 'report', 4006, 'viewed', '2017-05-20 07:13:25', '2017-05-20 07:13:25'),
(284, 1001, 'report', 4006, 'viewed', '2017-05-20 07:13:47', '2017-05-20 07:13:47'),
(285, 1001, 'report', 4006, 'viewed', '2017-05-20 07:14:33', '2017-05-20 07:14:33'),
(286, 1001, 'report', 4006, 'viewed', '2017-05-20 07:14:52', '2017-05-20 07:14:52'),
(287, 1001, 'report', 4006, 'viewed', '2017-05-20 07:15:20', '2017-05-20 07:15:20'),
(288, 1001, 'report', 4006, 'viewed', '2017-05-20 07:15:54', '2017-05-20 07:15:54'),
(289, 1001, 'report', 4006, 'viewed', '2017-05-20 07:17:34', '2017-05-20 07:17:34'),
(290, 1001, 'report', 4006, 'updated', '2017-05-20 07:21:07', '2017-05-20 07:21:07'),
(291, 1001, 'report', 4006, 'viewed', '2017-05-20 07:21:10', '2017-05-20 07:21:10'),
(292, 1001, 'report', 4006, 'updated', '2017-05-20 07:21:41', '2017-05-20 07:21:41'),
(293, 1001, 'report', 4006, 'viewed', '2017-05-20 07:21:46', '2017-05-20 07:21:46'),
(294, 1001, 'report', 4006, 'viewed', '2017-05-20 07:28:38', '2017-05-20 07:28:38'),
(295, 1001, 'report', 4006, 'viewed', '2017-05-20 07:28:49', '2017-05-20 07:28:49'),
(296, 1001, 'report', 4006, 'viewed', '2017-05-20 07:29:11', '2017-05-20 07:29:11'),
(297, 1001, 'report', 4006, 'viewed', '2017-05-20 07:30:01', '2017-05-20 07:30:01'),
(298, 1001, 'report', 4006, 'viewed', '2017-05-20 07:30:58', '2017-05-20 07:30:58'),
(299, 1001, 'report', 4006, 'viewed', '2017-05-20 07:31:04', '2017-05-20 07:31:04'),
(300, 1001, 'report', 4006, 'viewed', '2017-05-20 07:31:55', '2017-05-20 07:31:55'),
(301, 1001, 'report', 4006, 'viewed', '2017-05-20 07:32:46', '2017-05-20 07:32:46'),
(302, 1001, 'report', 4007, 'viewed', '2017-05-20 07:35:13', '2017-05-20 07:35:13'),
(303, 1001, 'report', 4002, 'viewed', '2017-05-20 07:35:26', '2017-05-20 07:35:26'),
(304, 1001, 'report', 4007, 'viewed', '2017-05-20 07:35:39', '2017-05-20 07:35:39'),
(305, 1001, 'report', 4006, 'viewed', '2017-05-20 07:36:20', '2017-05-20 07:36:20'),
(306, 1001, 'report', 4006, 'viewed', '2017-05-20 07:42:00', '2017-05-20 07:42:00'),
(307, 1001, 'report', 4006, 'viewed', '2017-05-20 07:44:25', '2017-05-20 07:44:25'),
(308, 1001, 'report', 4006, 'viewed', '2017-05-20 07:48:22', '2017-05-20 07:48:22'),
(309, 1001, 'report', 4006, 'viewed', '2017-05-20 07:49:21', '2017-05-20 07:49:21'),
(310, 1001, 'report', 4006, 'viewed', '2017-05-20 07:49:55', '2017-05-20 07:49:55'),
(311, 1001, 'report', 4006, 'viewed', '2017-05-20 07:51:50', '2017-05-20 07:51:50'),
(312, 1001, 'report', 4006, 'viewed', '2017-05-20 07:55:01', '2017-05-20 07:55:01'),
(313, 1001, 'report', 4006, 'viewed', '2017-05-20 07:55:07', '2017-05-20 07:55:07'),
(314, 1001, 'report', 4006, 'viewed', '2017-05-20 08:06:38', '2017-05-20 08:06:38'),
(315, 1001, 'report', 4006, 'viewed', '2017-05-20 08:08:53', '2017-05-20 08:08:53'),
(316, 1001, 'spreadsheet', 3002, 'edited', '2017-05-20 08:13:50', '2017-05-20 08:13:50'),
(317, 1001, 'report', 4006, 'viewed', '2017-05-20 08:13:56', '2017-05-20 08:13:56'),
(318, 1001, 'report', 4007, 'viewed', '2017-05-20 08:16:48', '2017-05-20 08:16:48'),
(319, 1001, 'report', 4006, 'viewed', '2017-05-20 08:19:42', '2017-05-20 08:19:42'),
(320, 1001, 'report', 4002, 'viewed', '2017-05-20 08:19:55', '2017-05-20 08:19:55'),
(321, 1001, 'report', 4007, 'viewed', '2017-05-20 08:20:08', '2017-05-20 08:20:08'),
(322, 1001, 'report', 4007, 'viewed', '2017-05-20 08:21:03', '2017-05-20 08:21:03'),
(323, 1001, 'report', 4007, 'viewed', '2017-05-20 08:21:57', '2017-05-20 08:21:57'),
(324, 1001, 'report', 4006, 'viewed', '2017-05-20 08:22:10', '2017-05-20 08:22:10'),
(325, 1001, 'report', 4006, 'viewed', '2017-05-20 08:25:08', '2017-05-20 08:25:08'),
(326, 1001, 'user', 1001, 'login', '2017-05-20 19:19:16', '2017-05-20 19:19:16'),
(327, 1001, 'report', 4006, 'viewed', '2017-05-20 19:19:17', '2017-05-20 19:19:17'),
(328, 1001, 'report', 4006, 'updated', '2017-05-20 20:31:04', '2017-05-20 20:31:04'),
(329, 1001, 'report', 4006, 'viewed', '2017-05-20 20:31:12', '2017-05-20 20:31:12'),
(330, 1001, 'report', 4006, 'viewed', '2017-05-20 20:33:21', '2017-05-20 20:33:21'),
(331, 1001, 'report', 4006, 'viewed', '2017-05-20 20:35:44', '2017-05-20 20:35:44'),
(332, 1001, 'report', 4006, 'viewed', '2017-05-20 20:37:44', '2017-05-20 20:37:44'),
(333, 1001, 'report', 4006, 'viewed', '2017-05-20 20:39:24', '2017-05-20 20:39:24'),
(334, 1001, 'report', 4006, 'updated', '2017-05-20 20:40:20', '2017-05-20 20:40:20'),
(335, 1001, 'report', 4006, 'updated', '2017-05-20 20:40:28', '2017-05-20 20:40:28'),
(336, 1001, 'report', 4006, 'updated', '2017-05-20 20:40:34', '2017-05-20 20:40:34'),
(337, 1001, 'report', 4006, 'viewed', '2017-05-20 20:40:38', '2017-05-20 20:40:38'),
(338, 1001, 'report', 4006, 'updated', '2017-05-20 20:41:10', '2017-05-20 20:41:10'),
(339, 1001, 'report', 4006, 'viewed', '2017-05-20 20:41:13', '2017-05-20 20:41:13'),
(340, 1001, 'report', 4006, 'viewed', '2017-05-20 20:41:52', '2017-05-20 20:41:52'),
(341, 1001, 'report', 4006, 'viewed', '2017-05-20 20:43:44', '2017-05-20 20:43:44'),
(342, 1001, 'report', 4006, 'viewed', '2017-05-20 20:45:26', '2017-05-20 20:45:26'),
(343, 1001, 'report', 4006, 'viewed', '2017-05-20 20:46:05', '2017-05-20 20:46:05'),
(344, 1001, 'report', 4006, 'updated', '2017-05-20 20:46:35', '2017-05-20 20:46:35'),
(345, 1001, 'report', 4006, 'viewed', '2017-05-20 20:46:38', '2017-05-20 20:46:38'),
(346, 1001, 'report', 4006, 'viewed', '2017-05-20 20:48:00', '2017-05-20 20:48:00'),
(347, 1001, 'report', 4006, 'viewed', '2017-05-20 20:48:33', '2017-05-20 20:48:33'),
(348, 1001, 'report', 4006, 'updated', '2017-05-20 20:56:49', '2017-05-20 20:56:49'),
(349, 1001, 'report', 4006, 'viewed', '2017-05-20 20:56:54', '2017-05-20 20:56:54'),
(350, 1001, 'user', 1001, 'login', '2017-05-20 23:05:14', '2017-05-20 23:05:14'),
(351, 1001, 'report', 4006, 'viewed', '2017-05-20 23:05:14', '2017-05-20 23:05:14'),
(352, 1001, 'report', 4006, 'viewed', '2017-05-20 23:05:29', '2017-05-20 23:05:29'),
(353, 1001, 'report', 4006, 'viewed', '2017-05-20 23:10:28', '2017-05-20 23:10:28'),
(354, 1001, 'report', 4006, 'viewed', '2017-05-20 23:10:56', '2017-05-20 23:10:56'),
(355, 1001, 'report', 4006, 'viewed', '2017-05-20 23:11:21', '2017-05-20 23:11:21'),
(356, 1001, 'report', 4006, 'viewed', '2017-05-20 23:13:03', '2017-05-20 23:13:03'),
(357, 1001, 'report', 4006, 'viewed', '2017-05-20 23:13:28', '2017-05-20 23:13:28'),
(358, 1001, 'report', 4006, 'viewed', '2017-05-20 23:13:53', '2017-05-20 23:13:53'),
(359, 1001, 'report', 4006, 'viewed', '2017-05-20 23:14:32', '2017-05-20 23:14:32'),
(360, 1001, 'report', 4006, 'viewed', '2017-05-20 23:14:50', '2017-05-20 23:14:50'),
(361, 1001, 'report', 4006, 'viewed', '2017-05-21 01:03:01', '2017-05-21 01:03:01'),
(362, 1001, 'report', 4006, 'viewed', '2017-05-21 01:06:04', '2017-05-21 01:06:04'),
(363, 1001, 'report', 4006, 'viewed', '2017-05-21 01:06:13', '2017-05-21 01:06:13'),
(364, 1001, 'report', 4006, 'viewed', '2017-05-21 01:06:53', '2017-05-21 01:06:53'),
(365, 1001, 'report', 4006, 'viewed', '2017-05-21 01:12:04', '2017-05-21 01:12:04'),
(366, 1001, 'report', 4006, 'viewed', '2017-05-21 01:23:38', '2017-05-21 01:23:38'),
(367, 1001, 'report', 4006, 'viewed', '2017-05-21 01:24:12', '2017-05-21 01:24:12'),
(368, 1001, 'user', 1001, 'login', '2017-05-21 15:13:06', '2017-05-21 15:13:06'),
(369, 1001, 'spreadsheet', 3002, 'updated', '2017-05-21 08:14:22', '2017-05-21 08:14:22'),
(370, 1001, 'spreadsheet', 3002, 'edited', '2017-05-21 08:16:50', '2017-05-21 08:16:50'),
(371, 1001, 'report', 4006, 'updated', '2017-05-21 08:17:39', '2017-05-21 08:17:39'),
(372, 1001, 'report', 4006, 'viewed', '2017-05-21 08:17:44', '2017-05-21 08:17:44'),
(373, 1001, 'report', 4006, 'updated', '2017-05-21 08:18:10', '2017-05-21 08:18:10'),
(374, 1001, 'report', 4006, 'viewed', '2017-05-21 08:18:19', '2017-05-21 08:18:19'),
(375, 1001, 'report', 4006, 'viewed', '2017-05-21 08:59:13', '2017-05-21 08:59:13'),
(376, 1001, 'report', 4006, 'viewed', '2017-05-21 09:04:47', '2017-05-21 09:04:47'),
(377, 1001, 'report', 4006, 'viewed', '2017-05-21 09:05:32', '2017-05-21 09:05:32'),
(378, 1001, 'report', 4006, 'updated', '2017-05-21 09:06:39', '2017-05-21 09:06:39'),
(379, 1001, 'report', 4006, 'viewed', '2017-05-21 09:06:48', '2017-05-21 09:06:48'),
(380, 1001, 'report', 4006, 'viewed', '2017-05-21 09:07:51', '2017-05-21 09:07:51'),
(381, 1001, 'report', 4006, 'viewed', '2017-05-21 09:09:03', '2017-05-21 09:09:03'),
(382, 1001, 'report', 4006, 'viewed', '2017-05-21 09:10:28', '2017-05-21 09:10:28'),
(383, 1001, 'report', 4006, 'viewed', '2017-05-21 09:11:01', '2017-05-21 09:11:01'),
(384, 1001, 'report', 4006, 'viewed', '2017-05-21 09:12:24', '2017-05-21 09:12:24'),
(385, 1001, 'report', 4006, 'viewed', '2017-05-21 09:13:15', '2017-05-21 09:13:15'),
(386, 1001, 'report', 4006, 'viewed', '2017-05-21 09:14:52', '2017-05-21 09:14:52'),
(387, 1001, 'report', 4006, 'viewed', '2017-05-21 09:16:49', '2017-05-21 09:16:49'),
(388, 1001, 'report', 4006, 'viewed', '2017-05-21 09:17:54', '2017-05-21 09:17:54'),
(389, 1001, 'report', 4006, 'viewed', '2017-05-21 09:18:46', '2017-05-21 09:18:46'),
(390, 1001, 'report', 4006, 'viewed', '2017-05-21 09:23:41', '2017-05-21 09:23:41'),
(391, 1001, 'report', 4006, 'viewed', '2017-05-21 09:25:03', '2017-05-21 09:25:03'),
(392, 1001, 'report', 4006, 'viewed', '2017-05-21 09:26:58', '2017-05-21 09:26:58'),
(393, 1001, 'report', 4006, 'viewed', '2017-05-21 09:28:40', '2017-05-21 09:28:40'),
(394, 1001, 'report', 4006, 'viewed', '2017-05-21 09:33:51', '2017-05-21 09:33:51'),
(395, 1001, 'report', 4006, 'viewed', '2017-05-21 09:36:12', '2017-05-21 09:36:12'),
(396, 1001, 'report', 4006, 'viewed', '2017-05-21 09:36:47', '2017-05-21 09:36:47'),
(397, 1001, 'report', 4006, 'updated', '2017-05-21 09:39:20', '2017-05-21 09:39:20'),
(398, 1001, 'report', 4006, 'viewed', '2017-05-21 09:39:21', '2017-05-21 09:39:21'),
(399, 1001, 'user', 1001, 'login', '2017-05-21 17:33:59', '2017-05-21 17:33:59'),
(400, 1001, 'report', 4006, 'viewed', '2017-05-21 17:33:59', '2017-05-21 17:33:59'),
(401, 1001, 'report', 4006, 'viewed', '2017-05-21 18:24:34', '2017-05-21 18:24:34'),
(402, 1001, 'report', 4006, 'viewed', '2017-05-21 18:25:27', '2017-05-21 18:25:27'),
(403, 1001, 'report', 4006, 'viewed', '2017-05-21 18:25:51', '2017-05-21 18:25:51'),
(404, 1001, 'report', 4006, 'viewed', '2017-05-21 18:29:58', '2017-05-21 18:29:58'),
(405, 1001, 'report', 4006, 'updated', '2017-05-21 18:30:54', '2017-05-21 18:30:54'),
(406, 1001, 'report', 4006, 'viewed', '2017-05-21 18:31:00', '2017-05-21 18:31:00'),
(407, 1001, 'report', 4006, 'viewed', '2017-05-21 18:37:28', '2017-05-21 18:37:28'),
(408, 1001, 'report', 4006, 'viewed', '2017-05-21 18:38:31', '2017-05-21 18:38:31'),
(409, 1001, 'report', 4006, 'viewed', '2017-05-21 18:38:58', '2017-05-21 18:38:58'),
(410, 1001, 'report', 4006, 'viewed', '2017-05-21 18:41:53', '2017-05-21 18:41:53'),
(411, 1001, 'report', 4006, 'viewed', '2017-05-21 18:42:14', '2017-05-21 18:42:14'),
(412, 1001, 'report', 4006, 'viewed', '2017-05-21 18:42:32', '2017-05-21 18:42:32'),
(413, 1001, 'report', 4006, 'viewed', '2017-05-21 18:42:56', '2017-05-21 18:42:56'),
(414, 1001, 'report', 4006, 'viewed', '2017-05-21 18:43:44', '2017-05-21 18:43:44'),
(415, 1001, 'report', 4006, 'viewed', '2017-05-21 18:44:51', '2017-05-21 18:44:51'),
(416, 1001, 'report', 4006, 'viewed', '2017-05-21 18:45:47', '2017-05-21 18:45:47'),
(417, 1001, 'report', 4006, 'viewed', '2017-05-21 18:46:45', '2017-05-21 18:46:45'),
(418, 1001, 'report', 4006, 'viewed', '2017-05-21 18:47:00', '2017-05-21 18:47:00'),
(419, 1001, 'report', 4006, 'viewed', '2017-05-21 18:47:45', '2017-05-21 18:47:45'),
(420, 1001, 'report', 4006, 'viewed', '2017-05-21 18:49:59', '2017-05-21 18:49:59'),
(421, 1001, 'report', 4006, 'viewed', '2017-05-21 18:51:58', '2017-05-21 18:51:58'),
(422, 1001, 'report', 4006, 'viewed', '2017-05-21 18:52:58', '2017-05-21 18:52:58'),
(423, 1001, 'report', 4006, 'viewed', '2017-05-21 18:53:24', '2017-05-21 18:53:24'),
(424, 1001, 'report', 4006, 'viewed', '2017-05-21 18:54:00', '2017-05-21 18:54:00'),
(425, 1001, 'report', 4006, 'viewed', '2017-05-21 18:55:02', '2017-05-21 18:55:02'),
(426, 1001, 'report', 4006, 'viewed', '2017-05-21 18:56:51', '2017-05-21 18:56:51'),
(427, 1001, 'report', 4006, 'viewed', '2017-05-21 18:58:18', '2017-05-21 18:58:18'),
(428, 1001, 'report', 4006, 'updated', '2017-05-21 19:08:07', '2017-05-21 19:08:07'),
(429, 1001, 'report', 4006, 'viewed', '2017-05-21 19:09:22', '2017-05-21 19:09:22'),
(430, 1001, 'report', 4006, 'viewed', '2017-05-21 19:24:34', '2017-05-21 19:24:34'),
(431, 1001, 'report', 4006, 'updated', '2017-05-21 20:23:37', '2017-05-21 20:23:37'),
(432, 1001, 'report', 4006, 'viewed', '2017-05-21 20:25:05', '2017-05-21 20:25:05'),
(433, 1001, 'report', 4006, 'updated', '2017-05-21 20:25:20', '2017-05-21 20:25:20'),
(434, 1001, 'report', 4006, 'viewed', '2017-05-21 20:25:30', '2017-05-21 20:25:30'),
(435, 1001, 'report', 4006, 'updated', '2017-05-21 20:25:45', '2017-05-21 20:25:45'),
(436, 1001, 'report', 4006, 'viewed', '2017-05-21 20:25:49', '2017-05-21 20:25:49'),
(437, 1001, 'report', 4006, 'updated', '2017-05-21 20:26:05', '2017-05-21 20:26:05'),
(438, 1001, 'report', 4006, 'viewed', '2017-05-21 20:26:07', '2017-05-21 20:26:07'),
(439, 1001, 'report', 4004, 'viewed', '2017-05-21 20:28:05', '2017-05-21 20:28:05'),
(440, 1001, 'report', 4005, 'viewed', '2017-05-21 20:29:53', '2017-05-21 20:29:53'),
(441, 1001, 'report', 4004, 'viewed', '2017-05-21 20:29:57', '2017-05-21 20:29:57'),
(442, 1001, 'report', 4007, 'viewed', '2017-05-21 20:30:20', '2017-05-21 20:30:20'),
(443, 1001, 'report', 4006, 'viewed', '2017-05-21 20:32:42', '2017-05-21 20:32:42'),
(444, 1001, 'report', 4004, 'updated', '2017-05-21 20:43:34', '2017-05-21 20:43:34'),
(445, 1001, 'report', 4004, 'updated', '2017-05-21 20:44:12', '2017-05-21 20:44:12'),
(446, 1001, 'report', 4006, 'viewed', '2017-05-21 20:44:17', '2017-05-21 20:44:17'),
(447, 1001, 'report', 4004, 'viewed', '2017-05-21 20:44:21', '2017-05-21 20:44:21'),
(448, 1001, 'report', 4006, 'viewed', '2017-05-21 20:53:53', '2017-05-21 20:53:53'),
(449, 1001, 'report', 4004, 'updated', '2017-05-21 20:56:51', '2017-05-21 20:56:51'),
(450, 1001, 'report', 4006, 'viewed', '2017-05-21 20:56:56', '2017-05-21 20:56:56'),
(451, 1001, 'report', 4004, 'viewed', '2017-05-21 20:57:00', '2017-05-21 20:57:00'),
(452, 1001, 'spreadsheet', 3002, 'edited', '2017-05-21 20:59:36', '2017-05-21 20:59:36'),
(453, 1001, 'report', 4004, 'viewed', '2017-05-21 20:59:42', '2017-05-21 20:59:42'),
(454, 1001, 'spreadsheet', 3002, 'edited', '2017-05-21 21:01:17', '2017-05-21 21:01:17'),
(455, 1001, 'report', 4004, 'viewed', '2017-05-21 21:01:21', '2017-05-21 21:01:21'),
(456, 1001, 'report', 4008, 'updated', '2017-05-21 21:10:47', '2017-05-21 21:10:47'),
(457, 1001, 'report', 4004, 'viewed', '2017-05-21 21:10:51', '2017-05-21 21:10:51'),
(458, 1001, 'report', 4008, 'viewed', '2017-05-21 21:10:55', '2017-05-21 21:10:55'),
(459, 1001, 'report', 4004, 'viewed', '2017-05-21 21:11:07', '2017-05-21 21:11:07'),
(460, 1001, 'report', 4008, 'viewed', '2017-05-21 21:11:13', '2017-05-21 21:11:13'),
(461, 1001, 'spreadsheet', 3002, 'edited', '2017-05-21 21:11:55', '2017-05-21 21:11:55'),
(462, 1001, 'report', 4008, 'viewed', '2017-05-21 21:12:00', '2017-05-21 21:12:00'),
(463, 1001, 'report', 4004, 'viewed', '2017-05-21 21:12:15', '2017-05-21 21:12:15'),
(464, 1001, 'report', 4008, 'viewed', '2017-05-21 21:16:22', '2017-05-21 21:16:22'),
(465, 1001, 'report', 4008, 'viewed', '2017-05-21 21:33:23', '2017-05-21 21:33:23'),
(466, 1001, 'report', 4008, 'viewed', '2017-05-21 21:34:10', '2017-05-21 21:34:10'),
(467, 1001, 'report', 4008, 'viewed', '2017-05-21 21:34:38', '2017-05-21 21:34:38'),
(468, 1001, 'report', 4008, 'viewed', '2017-05-21 21:35:10', '2017-05-21 21:35:10'),
(469, 1001, 'report', 4008, 'viewed', '2017-05-21 21:35:37', '2017-05-21 21:35:37'),
(470, 1001, 'report', 4008, 'viewed', '2017-05-21 21:35:59', '2017-05-21 21:35:59'),
(471, 1001, 'report', 4008, 'viewed', '2017-05-21 22:20:43', '2017-05-21 22:20:43'),
(472, 1001, 'report', 4008, 'viewed', '2017-05-21 22:21:08', '2017-05-21 22:21:08'),
(473, 1001, 'report', 4008, 'viewed', '2017-05-21 22:21:18', '2017-05-21 22:21:18'),
(474, 1001, 'report', 4008, 'viewed', '2017-05-21 22:21:58', '2017-05-21 22:21:58'),
(475, 1001, 'report', 4008, 'viewed', '2017-05-21 22:22:19', '2017-05-21 22:22:19'),
(476, 1001, 'report', 4008, 'viewed', '2017-05-21 22:22:24', '2017-05-21 22:22:24'),
(477, 1001, 'report', 4008, 'viewed', '2017-05-21 22:22:48', '2017-05-21 22:22:48'),
(478, 1001, 'report', 4008, 'viewed', '2017-05-21 22:23:38', '2017-05-21 22:23:38'),
(479, 1001, 'report', 4008, 'viewed', '2017-05-21 22:23:58', '2017-05-21 22:23:58'),
(480, 1001, 'report', 4008, 'viewed', '2017-05-22 00:08:42', '2017-05-22 00:08:42'),
(481, 1001, 'report', 4008, 'viewed', '2017-05-22 00:13:08', '2017-05-22 00:13:08'),
(482, 1001, 'report', 4008, 'viewed', '2017-05-22 00:13:13', '2017-05-22 00:13:13'),
(483, 1001, 'report', 4008, 'viewed', '2017-05-22 00:15:57', '2017-05-22 00:15:57'),
(484, 1001, 'report', 4008, 'viewed', '2017-05-22 00:16:11', '2017-05-22 00:16:11'),
(485, 1001, 'report', 4008, 'viewed', '2017-05-22 00:17:00', '2017-05-22 00:17:00'),
(486, 1001, 'report', 4008, 'viewed', '2017-05-22 00:17:51', '2017-05-22 00:17:51'),
(487, 1001, 'report', 4008, 'viewed', '2017-05-22 00:18:52', '2017-05-22 00:18:52'),
(488, 1001, 'report', 4008, 'viewed', '2017-05-22 00:19:09', '2017-05-22 00:19:09'),
(489, 1001, 'report', 4008, 'viewed', '2017-05-22 00:19:31', '2017-05-22 00:19:31'),
(490, 1001, 'report', 4008, 'viewed', '2017-05-22 00:19:41', '2017-05-22 00:19:41'),
(491, 1001, 'report', 4008, 'viewed', '2017-05-22 00:20:24', '2017-05-22 00:20:24'),
(492, 1001, 'report', 4008, 'viewed', '2017-05-22 00:20:46', '2017-05-22 00:20:46'),
(493, 1001, 'report', 4008, 'viewed', '2017-05-22 00:21:00', '2017-05-22 00:21:00'),
(494, 1001, 'report', 4008, 'viewed', '2017-05-22 00:22:35', '2017-05-22 00:22:35'),
(495, 1001, 'report', 4008, 'viewed', '2017-05-22 00:23:17', '2017-05-22 00:23:17'),
(496, 1001, 'report', 4008, 'viewed', '2017-05-22 00:23:42', '2017-05-22 00:23:42'),
(497, 1001, 'report', 4008, 'viewed', '2017-05-22 00:25:01', '2017-05-22 00:25:01'),
(498, 1001, 'report', 4008, 'viewed', '2017-05-22 00:25:24', '2017-05-22 00:25:24'),
(499, 1001, 'report', 4008, 'viewed', '2017-05-22 00:25:43', '2017-05-22 00:25:43'),
(500, 1001, 'report', 4008, 'viewed', '2017-05-22 00:25:53', '2017-05-22 00:25:53'),
(501, 1001, 'report', 4008, 'viewed', '2017-05-22 00:26:11', '2017-05-22 00:26:11'),
(502, 1001, 'report', 4008, 'viewed', '2017-05-22 00:26:31', '2017-05-22 00:26:31'),
(503, 1001, 'report', 4008, 'viewed', '2017-05-22 00:27:25', '2017-05-22 00:27:25'),
(504, 1001, 'report', 4008, 'viewed', '2017-05-22 00:28:23', '2017-05-22 00:28:23'),
(505, 1001, 'report', 4008, 'viewed', '2017-05-22 00:28:55', '2017-05-22 00:28:55'),
(506, 1001, 'report', 4008, 'viewed', '2017-05-22 00:29:01', '2017-05-22 00:29:01'),
(507, 1001, 'report', 4008, 'viewed', '2017-05-22 00:29:19', '2017-05-22 00:29:19'),
(508, 1001, 'report', 4008, 'viewed', '2017-05-22 00:29:36', '2017-05-22 00:29:36'),
(509, 1001, 'report', 4008, 'viewed', '2017-05-22 00:29:54', '2017-05-22 00:29:54'),
(510, 1001, 'report', 4008, 'viewed', '2017-05-22 00:33:14', '2017-05-22 00:33:14'),
(511, 1001, 'report', 4008, 'viewed', '2017-05-22 00:33:38', '2017-05-22 00:33:38'),
(512, 1001, 'report', 4008, 'viewed', '2017-05-22 00:34:22', '2017-05-22 00:34:22'),
(513, 1001, 'report', 4008, 'viewed', '2017-05-22 00:36:03', '2017-05-22 00:36:03'),
(514, 1001, 'report', 4008, 'viewed', '2017-05-22 00:37:00', '2017-05-22 00:37:00'),
(515, 1001, 'report', 4008, 'viewed', '2017-05-22 00:38:45', '2017-05-22 00:38:45'),
(516, 1001, 'report', 4008, 'viewed', '2017-05-22 00:39:11', '2017-05-22 00:39:11'),
(517, 1001, 'report', 4008, 'viewed', '2017-05-22 00:42:58', '2017-05-22 00:42:58'),
(518, 1001, 'report', 4008, 'viewed', '2017-05-22 00:43:13', '2017-05-22 00:43:13'),
(519, 1001, 'report', 4008, 'viewed', '2017-05-22 00:43:29', '2017-05-22 00:43:29'),
(520, 1001, 'report', 4008, 'viewed', '2017-05-22 01:45:45', '2017-05-22 01:45:45'),
(521, 1001, 'report', 4008, 'viewed', '2017-05-22 01:45:55', '2017-05-22 01:45:55'),
(522, 1001, 'report', 4008, 'viewed', '2017-05-22 02:12:25', '2017-05-22 02:12:25'),
(523, 1001, 'report', 4008, 'viewed', '2017-05-22 02:14:30', '2017-05-22 02:14:30'),
(524, 1001, 'report', 4008, 'viewed', '2017-05-22 02:14:48', '2017-05-22 02:14:48'),
(525, 1001, 'report', 4008, 'viewed', '2017-05-22 02:14:55', '2017-05-22 02:14:55'),
(526, 1001, 'report', 4008, 'viewed', '2017-05-22 02:16:43', '2017-05-22 02:16:43'),
(527, 1001, 'report', 4008, 'viewed', '2017-05-22 02:16:51', '2017-05-22 02:16:51'),
(528, 1001, 'report', 4008, 'viewed', '2017-05-22 02:16:57', '2017-05-22 02:16:57'),
(529, 1001, 'report', 4008, 'viewed', '2017-05-22 02:17:10', '2017-05-22 02:17:10'),
(530, 1001, 'report', 4008, 'viewed', '2017-05-22 02:21:04', '2017-05-22 02:21:04'),
(531, 1001, 'report', 4008, 'viewed', '2017-05-22 02:21:40', '2017-05-22 02:21:40'),
(532, 1001, 'report', 4008, 'viewed', '2017-05-22 02:22:10', '2017-05-22 02:22:10'),
(533, 1001, 'report', 4008, 'viewed', '2017-05-22 02:22:40', '2017-05-22 02:22:40'),
(534, 1001, 'report', 4008, 'viewed', '2017-05-22 02:23:03', '2017-05-22 02:23:03'),
(535, 1001, 'report', 4008, 'viewed', '2017-05-22 02:23:16', '2017-05-22 02:23:16'),
(536, 1001, 'report', 4008, 'viewed', '2017-05-22 02:23:56', '2017-05-22 02:23:56'),
(537, 1001, 'report', 4008, 'viewed', '2017-05-22 02:24:48', '2017-05-22 02:24:48'),
(538, 1001, 'report', 4008, 'viewed', '2017-05-22 02:25:09', '2017-05-22 02:25:09'),
(539, 1001, 'report', 4008, 'viewed', '2017-05-22 02:25:17', '2017-05-22 02:25:17'),
(540, 1001, 'report', 4008, 'viewed', '2017-05-22 02:26:37', '2017-05-22 02:26:37'),
(541, 1001, 'report', 4008, 'viewed', '2017-05-22 02:27:00', '2017-05-22 02:27:00'),
(542, 1001, 'report', 4008, 'viewed', '2017-05-22 02:27:13', '2017-05-22 02:27:13'),
(543, 1001, 'report', 4008, 'viewed', '2017-05-22 02:27:25', '2017-05-22 02:27:25'),
(544, 1001, 'report', 4008, 'viewed', '2017-05-22 02:29:30', '2017-05-22 02:29:30'),
(545, 1001, 'report', 4008, 'viewed', '2017-05-22 02:29:43', '2017-05-22 02:29:43'),
(546, 1001, 'report', 4008, 'viewed', '2017-05-22 02:29:51', '2017-05-22 02:29:51'),
(547, 1001, 'report', 4008, 'viewed', '2017-05-22 02:30:18', '2017-05-22 02:30:18'),
(548, 1001, 'report', 4008, 'viewed', '2017-05-22 02:30:35', '2017-05-22 02:30:35'),
(549, 1001, 'report', 4008, 'viewed', '2017-05-22 02:31:23', '2017-05-22 02:31:23'),
(550, 1001, 'report', 4008, 'viewed', '2017-05-22 02:31:28', '2017-05-22 02:31:28'),
(551, 1001, 'report', 4008, 'viewed', '2017-05-22 02:31:32', '2017-05-22 02:31:32'),
(552, 1001, 'report', 4008, 'viewed', '2017-05-22 02:33:04', '2017-05-22 02:33:04'),
(553, 1001, 'report', 4008, 'viewed', '2017-05-22 02:33:38', '2017-05-22 02:33:38'),
(554, 1001, 'report', 4008, 'viewed', '2017-05-22 02:33:44', '2017-05-22 02:33:44'),
(555, 1001, 'report', 4008, 'viewed', '2017-05-22 02:33:48', '2017-05-22 02:33:48'),
(556, 1001, 'report', 4008, 'viewed', '2017-05-22 02:34:00', '2017-05-22 02:34:00'),
(557, 1001, 'report', 4008, 'viewed', '2017-05-22 02:35:35', '2017-05-22 02:35:35'),
(558, 1001, 'report', 4008, 'viewed', '2017-05-22 02:37:40', '2017-05-22 02:37:40'),
(559, 1001, 'user', 1001, 'login', '2017-05-22 07:15:30', '2017-05-22 07:15:30'),
(560, 1001, 'report', 4008, 'viewed', '2017-05-22 07:15:31', '2017-05-22 07:15:31'),
(561, 1001, 'report', 4008, 'viewed', '2017-05-22 07:15:54', '2017-05-22 07:15:54'),
(562, 1001, 'report', 4008, 'viewed', '2017-05-22 07:25:47', '2017-05-22 07:25:47'),
(563, 1001, 'spreadsheet', 3002, 'exported', '2017-05-22 07:48:55', '2017-05-22 07:48:55'),
(564, 1001, 'report', 4004, 'viewed', '2017-05-22 07:53:02', '2017-05-22 07:53:02'),
(565, 1001, 'report', 4006, 'viewed', '2017-05-22 07:53:08', '2017-05-22 07:53:08'),
(566, 1001, 'report', 4007, 'viewed', '2017-05-22 07:53:12', '2017-05-22 07:53:12'),
(567, 1001, 'report', 4006, 'viewed', '2017-05-22 07:54:02', '2017-05-22 07:54:02'),
(568, 1001, 'report', 4006, 'viewed', '2017-05-22 07:54:36', '2017-05-22 07:54:36'),
(569, 1001, 'report', 4006, 'viewed', '2017-05-22 07:54:46', '2017-05-22 07:54:46'),
(570, 1001, 'report', 4006, 'viewed', '2017-05-22 07:54:54', '2017-05-22 07:54:54'),
(571, 1001, 'report', 4006, 'viewed', '2017-05-22 07:55:04', '2017-05-22 07:55:04'),
(572, 1001, 'report', 4006, 'viewed', '2017-05-22 07:55:21', '2017-05-22 07:55:21'),
(573, 1001, 'report', 4006, 'viewed', '2017-05-22 07:55:37', '2017-05-22 07:55:37'),
(574, 1001, 'report', 4006, 'updated', '2017-05-22 07:56:50', '2017-05-22 07:56:50'),
(575, 1001, 'report', 4006, 'viewed', '2017-05-22 07:56:54', '2017-05-22 07:56:54'),
(576, 1001, 'report', 4004, 'viewed', '2017-05-22 07:59:11', '2017-05-22 07:59:11'),
(577, 1001, 'report', 4004, 'viewed', '2017-05-22 08:02:21', '2017-05-22 08:02:21'),
(578, 1001, 'report', 4006, 'viewed', '2017-05-22 08:04:26', '2017-05-22 08:04:26'),
(579, 1001, 'report', 4006, 'viewed', '2017-05-22 08:04:42', '2017-05-22 08:04:42'),
(580, 1001, 'report', 4006, 'viewed', '2017-05-22 08:05:37', '2017-05-22 08:05:37'),
(581, 1001, 'report', 4006, 'viewed', '2017-05-22 08:06:09', '2017-05-22 08:06:09'),
(582, 1001, 'report', 4006, 'viewed', '2017-05-22 08:06:21', '2017-05-22 08:06:21'),
(583, 1001, 'report', 4006, 'viewed', '2017-05-22 08:06:27', '2017-05-22 08:06:27'),
(584, 1001, 'report', 4006, 'viewed', '2017-05-22 08:06:32', '2017-05-22 08:06:32'),
(585, 1001, 'report', 4006, 'viewed', '2017-05-22 08:06:36', '2017-05-22 08:06:36'),
(586, 1001, 'report', 4006, 'viewed', '2017-05-22 08:06:47', '2017-05-22 08:06:47'),
(587, 1001, 'report', 4006, 'viewed', '2017-05-22 08:07:27', '2017-05-22 08:07:27'),
(588, 1001, 'report', 4006, 'viewed', '2017-05-22 08:09:13', '2017-05-22 08:09:13'),
(589, 1001, 'report', 4006, 'viewed', '2017-05-22 08:09:30', '2017-05-22 08:09:30'),
(590, 1001, 'report', 4006, 'viewed', '2017-05-22 08:10:08', '2017-05-22 08:10:08'),
(591, 1001, 'report', 4006, 'viewed', '2017-05-22 08:10:29', '2017-05-22 08:10:29'),
(592, 1001, 'report', 4006, 'viewed', '2017-05-22 08:10:41', '2017-05-22 08:10:41'),
(593, 1001, 'user', 1001, 'login', '2017-05-23 13:15:59', '2017-05-23 13:15:59'),
(594, 1001, 'report', 4006, 'viewed', '2017-05-23 06:39:03', '2017-05-23 06:39:03'),
(595, 1001, 'report', 4006, 'viewed', '2017-05-23 06:45:41', '2017-05-23 06:45:41'),
(596, 1001, 'report', 4006, 'viewed', '2017-05-23 06:48:28', '2017-05-23 06:48:28'),
(597, 1001, 'report', 4006, 'viewed', '2017-05-23 06:48:57', '2017-05-23 06:48:57'),
(598, 1001, 'report', 4006, 'viewed', '2017-05-23 06:49:12', '2017-05-23 06:49:12'),
(599, 1001, 'report', 4006, 'viewed', '2017-05-23 06:49:46', '2017-05-23 06:49:46'),
(600, 1001, 'report', 4006, 'viewed', '2017-05-23 06:50:22', '2017-05-23 06:50:22'),
(601, 1001, 'report', 4006, 'viewed', '2017-05-23 06:52:07', '2017-05-23 06:52:07'),
(602, 1001, 'report', 4006, 'viewed', '2017-05-23 06:53:04', '2017-05-23 06:53:04'),
(603, 1001, 'report', 4006, 'viewed', '2017-05-23 06:53:23', '2017-05-23 06:53:23'),
(604, 1001, 'report', 4006, 'viewed', '2017-05-23 06:54:10', '2017-05-23 06:54:10'),
(605, 1001, 'report', 4006, 'viewed', '2017-05-23 06:54:18', '2017-05-23 06:54:18'),
(606, 1001, 'report', 4006, 'viewed', '2017-05-23 06:54:37', '2017-05-23 06:54:37'),
(607, 1001, 'report', 4006, 'viewed', '2017-05-23 06:56:58', '2017-05-23 06:56:58'),
(608, 1001, 'report', 4006, 'viewed', '2017-05-23 06:57:12', '2017-05-23 06:57:12'),
(609, 1001, 'report', 4006, 'viewed', '2017-05-23 06:58:02', '2017-05-23 06:58:02'),
(610, 1001, 'report', 4006, 'viewed', '2017-05-23 07:00:27', '2017-05-23 07:00:27'),
(611, 1001, 'report', 4006, 'viewed', '2017-05-23 07:02:21', '2017-05-23 07:02:21'),
(612, 1001, 'report', 4006, 'viewed', '2017-05-23 07:05:00', '2017-05-23 07:05:00'),
(613, 1001, 'report', 4006, 'viewed', '2017-05-23 07:05:41', '2017-05-23 07:05:41'),
(614, 1001, 'report', 4006, 'viewed', '2017-05-23 07:06:25', '2017-05-23 07:06:25'),
(615, 1001, 'report', 4006, 'viewed', '2017-05-23 07:14:13', '2017-05-23 07:14:13'),
(616, 1001, 'report', 4006, 'viewed', '2017-05-23 08:07:28', '2017-05-23 08:07:28'),
(617, 1001, 'report', 4006, 'viewed', '2017-05-23 08:08:00', '2017-05-23 08:08:00'),
(618, 1001, 'report', 4006, 'viewed', '2017-05-23 08:08:11', '2017-05-23 08:08:11'),
(619, 1001, 'report', 4006, 'viewed', '2017-05-23 08:08:55', '2017-05-23 08:08:55');
INSERT INTO `logs` (`id`, `user_id`, `model`, `model_id`, `action`, `created_at`, `updated_at`) VALUES
(620, 1001, 'report', 4006, 'viewed', '2017-05-23 08:09:29', '2017-05-23 08:09:29'),
(621, 1001, 'report', 4006, 'viewed', '2017-05-23 08:09:43', '2017-05-23 08:09:43'),
(622, 1001, 'report', 4007, 'viewed', '2017-05-23 08:59:44', '2017-05-23 08:59:44');

-- --------------------------------------------------------

--
-- Table structure for table `migrations`
--

CREATE TABLE `migrations` (
  `id` int(10) UNSIGNED NOT NULL,
  `migration` varchar(255) COLLATE utf8_unicode_ci NOT NULL,
  `batch` int(11) NOT NULL
) ENGINE=InnoDB DEFAULT CHARSET=utf8 COLLATE=utf8_unicode_ci;

--
-- Dumping data for table `migrations`
--

INSERT INTO `migrations` (`id`, `migration`, `batch`) VALUES
(57, '2014_10_12_000000_create_users_table', 1),
(58, '2014_10_12_100000_create_password_resets_table', 1),
(59, '2016_12_01_074652_create_spreadsheets_table', 1),
(60, '2016_12_01_074708_create_clients_table', 1),
(61, '2016_12_05_072621_create_spreadsheet_contents_table', 1),
(62, '2016_12_05_072654_create_spreadsheet_columns_table', 1),
(63, '2017_03_07_074652_create_reports_table', 1);

-- --------------------------------------------------------

--
-- Table structure for table `password_resets`
--

CREATE TABLE `password_resets` (
  `email` varchar(255) COLLATE utf8_unicode_ci NOT NULL,
  `token` varchar(255) COLLATE utf8_unicode_ci NOT NULL,
  `created_at` timestamp NULL DEFAULT NULL
) ENGINE=InnoDB DEFAULT CHARSET=utf8 COLLATE=utf8_unicode_ci;

-- --------------------------------------------------------

--
-- Table structure for table `reports`
--

CREATE TABLE `reports` (
  `id` int(10) UNSIGNED NOT NULL,
  `client_id` int(11) NOT NULL,
  `template_id` int(11) NOT NULL,
  `name` varchar(255) COLLATE utf8_unicode_ci NOT NULL,
  `label` varchar(100) COLLATE utf8_unicode_ci NOT NULL,
  `rules` text COLLATE utf8_unicode_ci NOT NULL,
  `active` int(11) NOT NULL DEFAULT '1',
  `opened_at` timestamp NOT NULL,
  `created_at` timestamp NULL DEFAULT NULL,
  `updated_at` timestamp NULL DEFAULT NULL
) ENGINE=InnoDB DEFAULT CHARSET=utf8 COLLATE=utf8_unicode_ci;

--
-- Dumping data for table `reports`
--

INSERT INTO `reports` (`id`, `client_id`, `template_id`, `name`, `label`, `rules`, `active`, `opened_at`, `created_at`, `updated_at`) VALUES
(4000, 2000, 1000, 'Number of People Who Have Set an Appointment', 'Appointments Set', '{\"spreadsheet\":\"3001\",\"date\":\"A\",\"set\":\"I\",\"kept\":\"J\",\"advisor\":\"L\",\"source\":\"E\",\"seminar_type\":\"H\",\"seminar_date\":\"G\"}', 1, '2017-03-21 07:15:31', '2017-03-21 07:15:31', '2017-05-03 06:22:18'),
(4004, 2000, 1006, 'Total FIA Issued', 'FIA Issued', '{\"spreadsheet\":\"3002\",\"date\":\"M\",\"columns\":\"N\",\"conditional\":\"N\",\"operator\":\"!=\",\"value\":\"0.00\",\"sections\":\"C,F\",\"month\":\"yes\",\"monthsections\":\"yes\",\"week\":\"sun\",\"weeksections\":\"yes\"}', 1, '2017-03-21 07:15:31', '2017-03-21 07:15:31', '2017-05-21 20:56:51'),
(4005, 2000, 1005, 'Seminar Business Attained', 'Seminar Business', '{\"spreadsheet\":3002,\"seminar\":\"E\",\"date\":\"D\",\"month\":\"H\",\"fia\":\"I\",\"aum\":\"J\",\"life\":\"K\"}', 1, '2017-03-21 07:15:31', '2017-03-21 07:15:31', '2017-03-21 07:15:31'),
(4006, 2000, 1006, 'Total Amounts', 'Total Amounts', '{\"spreadsheet\":\"3002\",\"date\":\"G\",\"columns\":\"J,I,K\",\"conditional\":\"\",\"operator\":\"=\",\"value\":\"\",\"sections\":\"F,C,E,R\",\"month\":\"yes\",\"monthsections\":\"no\",\"week\":\"sun\",\"weeksections\":\"no\"}', 1, '2017-05-19 05:08:26', '2017-05-19 05:08:26', '2017-05-22 07:56:50'),
(4007, 2000, 1006, 'Total Pending', 'Total Pending', '{\"spreadsheet\":\"3002\",\"date\":\"G\",\"columns\":\"I\",\"conditional\":\"N\",\"operator\":\"=\",\"value\":\"0.00\",\"sections\":\"F\",\"week\":\"none\"}', 1, '2017-05-19 05:08:26', '2017-05-19 05:08:26', '2017-05-20 06:51:36'),
(4008, 2000, 1006, 'Total AUM Invested', 'AUM Invested', '{\"spreadsheet\":\"3002\",\"date\":\"O\",\"columns\":\"P\",\"conditional\":\"P\",\"operator\":\"!=\",\"value\":\"0.00\",\"sections\":\"C,F\",\"month\":\"yes\",\"monthsections\":\"yes\",\"week\":\"sun\",\"weeksections\":\"yes\"}', 1, '2017-03-21 07:15:31', '2017-03-21 07:15:31', '2017-05-21 21:10:47');

-- --------------------------------------------------------

--
-- Table structure for table `report_templates`
--

CREATE TABLE `report_templates` (
  `id` int(10) UNSIGNED NOT NULL,
  `name` varchar(255) COLLATE utf8_unicode_ci NOT NULL,
  `file` varchar(255) COLLATE utf8_unicode_ci NOT NULL,
  `active` int(11) NOT NULL DEFAULT '1'
) ENGINE=InnoDB DEFAULT CHARSET=utf8 COLLATE=utf8_unicode_ci;

--
-- Dumping data for table `report_templates`
--

INSERT INTO `report_templates` (`id`, `name`, `file`, `active`) VALUES
(1000, 'People Who Have Set an Appointment', 'people_set_aptmt', 1),
(1004, 'Amount of Issued Business', 'total_amt_issued', 1),
(1005, 'Seminar Business Attained', 'seminar_business_attained', 1),
(1006, 'Total Amounts', 'total_amounts', 1);

-- --------------------------------------------------------

--
-- Table structure for table `spreadsheets`
--

CREATE TABLE `spreadsheets` (
  `id` int(10) UNSIGNED NOT NULL,
  `client_id` int(11) NOT NULL,
  `name` varchar(255) COLLATE utf8_unicode_ci NOT NULL,
  `active` int(11) NOT NULL DEFAULT '1',
  `list_order` int(11) NOT NULL DEFAULT '1',
  `sorting_col` int(11) NOT NULL DEFAULT '1',
  `created_at` timestamp NULL DEFAULT NULL,
  `updated_at` timestamp NULL DEFAULT NULL
) ENGINE=InnoDB DEFAULT CHARSET=utf8 COLLATE=utf8_unicode_ci;

--
-- Dumping data for table `spreadsheets`
--

INSERT INTO `spreadsheets` (`id`, `client_id`, `name`, `active`, `list_order`, `sorting_col`, `created_at`, `updated_at`) VALUES
(3000, 2000, 'Seminar Tracker', 1, 1, 1, '2017-03-21 07:15:30', '2017-03-21 07:15:30'),
(3001, 2000, 'Marketing Tracker', 1, 1, 1, '2017-03-21 07:15:30', '2017-05-12 07:40:50'),
(3002, 2000, 'Production Tracker', 1, 1, 1, '2017-03-21 07:15:30', '2017-05-21 21:11:55');

-- --------------------------------------------------------

--
-- Table structure for table `spreadsheet_columns`
--

CREATE TABLE `spreadsheet_columns` (
  `id` int(10) UNSIGNED NOT NULL,
  `spreadsheet_id` int(11) NOT NULL,
  `column` varchar(255) COLLATE utf8_unicode_ci NOT NULL,
  `label` varchar(255) COLLATE utf8_unicode_ci NOT NULL,
  `type` varchar(255) COLLATE utf8_unicode_ci NOT NULL DEFAULT 'text',
  `validation` text COLLATE utf8_unicode_ci,
  `conditional` text COLLATE utf8_unicode_ci,
  `created_at` timestamp NULL DEFAULT NULL,
  `updated_at` timestamp NULL DEFAULT NULL
) ENGINE=InnoDB DEFAULT CHARSET=utf8 COLLATE=utf8_unicode_ci;

--
-- Dumping data for table `spreadsheet_columns`
--

INSERT INTO `spreadsheet_columns` (`id`, `spreadsheet_id`, `column`, `label`, `type`, `validation`, `conditional`, `created_at`, `updated_at`) VALUES
(5000, 3000, '1', 'Mailing Cost', 'currency', '[]', NULL, '2017-03-21 07:15:30', '2017-03-21 07:15:30'),
(5001, 3000, '2', 'Number of Mailers', 'numeric', '[]', NULL, '2017-03-21 07:15:31', '2017-03-21 07:15:31'),
(5002, 3000, '3', 'Seminar Dates', 'date', '[]', NULL, '2017-03-21 07:15:31', '2017-03-21 07:15:31'),
(5003, 3000, '4', 'Seminar Location', 'string', '[]', NULL, '2017-03-21 07:15:31', '2017-03-21 07:15:31'),
(5004, 3000, '5', 'Seminar Type', 'string', '[]', NULL, '2017-03-21 07:15:31', '2017-03-21 07:15:31'),
(5005, 3000, '6', 'Buying Units Responded', 'numeric', '[]', NULL, '2017-03-21 07:15:31', '2017-03-21 07:15:31'),
(5006, 3000, '7', '# of Referral Units Attended', 'numeric', '[]', NULL, '2017-03-21 07:15:31', '2017-03-21 07:15:31'),
(5007, 3000, '8', 'Buying Units Attended', 'numeric', '[]', NULL, '2017-03-21 07:15:31', '2017-03-21 07:15:31'),
(5008, 3000, '9', 'Buying units interested in coming in', 'numeric', '[]', NULL, '2017-03-21 07:15:31', '2017-03-21 07:15:31'),
(5009, 3000, '10', 'Buying Units Scheduled', 'numeric', '[]', NULL, '2017-03-21 07:15:31', '2017-03-21 07:15:31'),
(5010, 3000, '11', 'Names of Units who Scheduled', 'string', '[]', NULL, '2017-03-21 07:15:31', '2017-03-21 07:15:31'),
(5048, 3001, '1', 'Date of contact', 'date', '{\"required\":\"1\"}', '[]', '2017-05-12 07:40:50', '2017-05-12 07:40:50'),
(5049, 3001, '2', 'Month of contact', 'string', '{\"required\":\"1\",\"in\":\"January,February,March,April,May,June,July,August,September,October,November,December\"}', '[]', '2017-05-12 07:40:50', '2017-05-12 07:40:50'),
(5050, 3001, '3', 'Last Name', 'string', '{\"required\":\"1\"}', '[]', '2017-05-12 07:40:50', '2017-05-12 07:40:50'),
(5051, 3001, '4', 'First Name', 'string', '{\"required\":\"1\"}', '[]', '2017-05-12 07:40:50', '2017-05-12 07:40:50'),
(5052, 3001, '5', 'Marketing Source', 'string', '{\"required\":\"1\",\"in\":\"radio,referral,personal,style ad,lunch n learn,college course\"}', '[]', '2017-05-12 07:40:50', '2017-05-12 07:40:50'),
(5053, 3001, '6', 'Zip Code', 'string', '{\"required\":\"1\"}', '[]', '2017-05-12 07:40:50', '2017-05-12 07:40:50'),
(5054, 3001, '7', 'Seminar Date', 'date', '{\"required\":\"1\"}', '[]', '2017-05-12 07:40:50', '2017-05-12 07:40:50'),
(5055, 3001, '8', 'Seminar Type', 'string', '{\"required\":\"1\",\"in\":\"Retirement Today,401(k) and IRA Workshop,Retire Well\"}', '[]', '2017-05-12 07:40:50', '2017-05-12 07:40:50'),
(5056, 3001, '9', 'Set 1st Appointment', 'string', '{\"required\":\"1\",\"in\":\"yes,no\"}', '[]', '2017-05-12 07:40:50', '2017-05-12 07:40:50'),
(5057, 3001, '10', 'Kept 1st Appointment', 'string', '{\"required\":\"1\",\"in\":\"yes,no\"}', '[]', '2017-05-12 07:40:50', '2017-05-12 07:40:50'),
(5058, 3001, '11', 'Qualified', 'string', '{\"required\":\"1\",\"in\":\"yes,no\"}', '[]', '2017-05-12 07:40:50', '2017-05-12 07:40:50'),
(5059, 3001, '12', 'Advisor', 'string', '{\"required\":\"1\"}', '[]', '2017-05-12 07:40:50', '2017-05-12 07:40:50'),
(5060, 3001, '13', 'SKQ', 'string', '{\"required\":\"1\",\"in\":\"yes,no\"}', '[]', '2017-05-12 07:40:50', '2017-05-12 07:40:50'),
(5061, 3001, '14', 'Set 2nd', 'string', '{\"required\":\"1\",\"in\":\"yes,no\"}', '[]', '2017-05-12 07:40:50', '2017-05-12 07:40:50'),
(5062, 3001, '15', 'Kept 2nd', 'string', '{\"required\":\"1\",\"in\":\"yes,no\"}', '[]', '2017-05-12 07:40:50', '2017-05-12 07:40:50'),
(5063, 3001, '16', 'Set 3rd', 'string', '{\"required\":\"1\",\"in\":\"yes,no\"}', '[]', '2017-05-12 07:40:50', '2017-05-12 07:40:50'),
(5064, 3001, '17', 'Kept 3rd', 'string', '{\"required\":\"1\",\"in\":\"yes,no\"}', '[]', '2017-05-12 07:40:50', '2017-05-12 07:40:50'),
(5065, 3001, '18', 'Became Client', 'string', '{\"required\":\"1\",\"in\":\"yes,no\"}', '[]', '2017-05-12 07:40:50', '2017-05-12 07:40:50'),
(5066, 3001, '19', 'Status', 'string', '{\"required\":\"1\"}', '[]', '2017-05-12 07:40:50', '2017-05-12 07:40:50'),
(5067, 3001, '20', 'Notes', 'notes', '{\"required\":\"1\"}', '[]', '2017-05-12 07:40:50', '2017-05-12 07:40:50'),
(5068, 3002, '1', 'Last Name', 'string', '{\"required\":\"1\"}', '[]', '2017-05-21 08:14:22', '2017-05-21 08:14:22'),
(5069, 3002, '2', 'First Name', 'string', '{\"required\":\"1\"}', '[]', '2017-05-21 08:14:22', '2017-05-21 08:14:22'),
(5070, 3002, '3', 'Marketing Source', 'string', '{\"required\":\"1\",\"in\":\"radio,referral,personal,style ad,lunch n learn,college course\"}', '[]', '2017-05-21 08:14:22', '2017-05-21 08:14:22'),
(5071, 3002, '4', 'Seminar Date', 'date', '{\"required\":\"1\"}', '[]', '2017-05-21 08:14:22', '2017-05-21 08:14:22'),
(5072, 3002, '5', 'Seminar Type', 'string', '{\"required\":\"1\",\"in\":\"Retirement Today,401(k) and IRA Workshop,Retire Well\"}', '[]', '2017-05-21 08:14:22', '2017-05-21 08:14:22'),
(5073, 3002, '6', 'Writing Advisor', 'string', '{\"required\":\"1\"}', '[]', '2017-05-21 08:14:22', '2017-05-21 08:14:22'),
(5074, 3002, '7', 'Date Written', 'date', '{\"required\":\"1\"}', '[]', '2017-05-21 08:14:22', '2017-05-21 08:14:22'),
(5075, 3002, '8', 'Month Written', 'string', '{\"required\":\"1\",\"in\":\"January,February,March,April,May,June,July,August,September,October,November,December\"}', '[]', '2017-05-21 08:14:22', '2017-05-21 08:14:22'),
(5076, 3002, '9', 'FIA Business Written', 'currency', '{\"required\":\"1\"}', '[]', '2017-05-21 08:14:22', '2017-05-21 08:14:22'),
(5077, 3002, '10', 'AUM Business Written', 'currency', '{\"required\":\"1\"}', '[]', '2017-05-21 08:14:22', '2017-05-21 08:14:22'),
(5078, 3002, '11', 'Life written', 'currency', '{\"required\":\"1\"}', '[]', '2017-05-21 08:14:22', '2017-05-21 08:14:22'),
(5079, 3002, '12', 'Type of Life', 'string', '{\"required\":\"1\"}', '[]', '2017-05-21 08:14:22', '2017-05-21 08:14:22'),
(5080, 3002, '13', 'FIA business issue date', 'date', '{\"required\":\"1\"}', '[]', '2017-05-21 08:14:22', '2017-05-21 08:14:22'),
(5081, 3002, '14', 'FIA Business Amount Issued', 'currency', '{\"required\":\"1\"}', '[]', '2017-05-21 08:14:22', '2017-05-21 08:14:22'),
(5082, 3002, '15', 'AUM invested Date', 'date', '{\"required\":\"1\"}', '[]', '2017-05-21 08:14:22', '2017-05-21 08:14:22'),
(5083, 3002, '16', 'AUM Amount invested', 'currency', '{\"required\":\"1\"}', '[]', '2017-05-21 08:14:22', '2017-05-21 08:14:22'),
(5084, 3002, '17', 'AUM Amount not invested', 'currency', '{\"required\":\"1\"}', '[]', '2017-05-21 08:14:22', '2017-05-21 08:14:22'),
(5085, 3002, '18', 'Zip Code', 'numeric', '{\"required\":\"1\"}', '[]', '2017-05-21 08:14:22', '2017-05-21 08:14:22');

-- --------------------------------------------------------

--
-- Table structure for table `spreadsheet_contents`
--

CREATE TABLE `spreadsheet_contents` (
  `id` int(10) UNSIGNED NOT NULL,
  `spreadsheet_id` int(11) NOT NULL,
  `added_by` int(11) NOT NULL DEFAULT '0',
  `revision_id` int(11) NOT NULL DEFAULT '0',
  `validated` int(11) NOT NULL DEFAULT '1',
  `geocode_id` int(11) DEFAULT NULL,
  `col1` text COLLATE utf8_unicode_ci,
  `col2` text COLLATE utf8_unicode_ci,
  `col3` text COLLATE utf8_unicode_ci,
  `col4` text COLLATE utf8_unicode_ci,
  `col5` text COLLATE utf8_unicode_ci,
  `col6` text COLLATE utf8_unicode_ci,
  `col7` text COLLATE utf8_unicode_ci,
  `col8` text COLLATE utf8_unicode_ci,
  `col9` text COLLATE utf8_unicode_ci,
  `col10` text COLLATE utf8_unicode_ci,
  `col11` text COLLATE utf8_unicode_ci,
  `col12` text COLLATE utf8_unicode_ci,
  `col13` text COLLATE utf8_unicode_ci,
  `col14` text COLLATE utf8_unicode_ci,
  `col15` text COLLATE utf8_unicode_ci,
  `col16` text COLLATE utf8_unicode_ci,
  `col17` text COLLATE utf8_unicode_ci,
  `col18` text COLLATE utf8_unicode_ci,
  `col19` text COLLATE utf8_unicode_ci,
  `col20` text COLLATE utf8_unicode_ci,
  `col21` text COLLATE utf8_unicode_ci,
  `col22` text COLLATE utf8_unicode_ci,
  `col23` text COLLATE utf8_unicode_ci,
  `col24` text COLLATE utf8_unicode_ci,
  `col25` text COLLATE utf8_unicode_ci,
  `col26` text COLLATE utf8_unicode_ci,
  `col27` text COLLATE utf8_unicode_ci,
  `col28` text COLLATE utf8_unicode_ci,
  `col29` text COLLATE utf8_unicode_ci,
  `col30` text COLLATE utf8_unicode_ci,
  `col31` text COLLATE utf8_unicode_ci,
  `col32` text COLLATE utf8_unicode_ci,
  `col33` text COLLATE utf8_unicode_ci,
  `col34` text COLLATE utf8_unicode_ci,
  `col35` text COLLATE utf8_unicode_ci,
  `col36` text COLLATE utf8_unicode_ci,
  `col37` text COLLATE utf8_unicode_ci,
  `col38` text COLLATE utf8_unicode_ci,
  `col39` text COLLATE utf8_unicode_ci,
  `col40` text COLLATE utf8_unicode_ci,
  `col41` text COLLATE utf8_unicode_ci,
  `col42` text COLLATE utf8_unicode_ci,
  `col43` text COLLATE utf8_unicode_ci,
  `col44` text COLLATE utf8_unicode_ci,
  `col45` text COLLATE utf8_unicode_ci,
  `col46` text COLLATE utf8_unicode_ci,
  `col47` text COLLATE utf8_unicode_ci,
  `col48` text COLLATE utf8_unicode_ci,
  `col49` text COLLATE utf8_unicode_ci,
  `col50` text COLLATE utf8_unicode_ci,
  `col51` text COLLATE utf8_unicode_ci,
  `col52` text COLLATE utf8_unicode_ci,
  `created_at` timestamp NULL DEFAULT NULL,
  `updated_at` timestamp NULL DEFAULT NULL
) ENGINE=InnoDB DEFAULT CHARSET=utf8 COLLATE=utf8_unicode_ci;

--
-- Dumping data for table `spreadsheet_contents`
--

INSERT INTO `spreadsheet_contents` (`id`, `spreadsheet_id`, `added_by`, `revision_id`, `validated`, `geocode_id`, `col1`, `col2`, `col3`, `col4`, `col5`, `col6`, `col7`, `col8`, `col9`, `col10`, `col11`, `col12`, `col13`, `col14`, `col15`, `col16`, `col17`, `col18`, `col19`, `col20`, `col21`, `col22`, `col23`, `col24`, `col25`, `col26`, `col27`, `col28`, `col29`, `col30`, `col31`, `col32`, `col33`, `col34`, `col35`, `col36`, `col37`, `col38`, `col39`, `col40`, `col41`, `col42`, `col43`, `col44`, `col45`, `col46`, `col47`, `col48`, `col49`, `col50`, `col51`, `col52`, `created_at`, `updated_at`) VALUES
(32, 3000, 1001, 0, 1, NULL, '1000', '1200', '2016-12-07', 'Baton Rouge', 'Retirement Today', '100', '50', '60', '32', '16', 'Mike, Carol, Greg, Peter, Bobby, Marsha, Jan, Cindy', NULL, NULL, NULL, NULL, NULL, NULL, NULL, NULL, NULL, NULL, NULL, NULL, NULL, NULL, NULL, NULL, NULL, NULL, NULL, NULL, NULL, NULL, NULL, NULL, NULL, NULL, NULL, NULL, NULL, NULL, NULL, NULL, NULL, NULL, NULL, NULL, NULL, NULL, NULL, NULL, NULL, '2017-03-22 07:21:07', '2017-03-22 07:21:07'),
(33, 3000, 1001, 0, 1, NULL, '1200', '1500', '2016-12-28', 'Tempe', 'Retirement Today', '80', '40', '65', '21', '12', 'Fred, Wilma, Barney, Bettie', NULL, NULL, NULL, NULL, NULL, NULL, NULL, NULL, NULL, NULL, NULL, NULL, NULL, NULL, NULL, NULL, NULL, NULL, NULL, NULL, NULL, NULL, NULL, NULL, NULL, NULL, NULL, NULL, NULL, NULL, NULL, NULL, NULL, NULL, NULL, NULL, NULL, NULL, NULL, NULL, NULL, '2017-03-22 07:21:07', '2017-03-22 07:21:07'),
(34, 3000, 1001, 0, 1, NULL, '2000', '3000', '2016-12-22', 'Chicago', 'Retire Well', '120', '60', '103', '45', '21', 'Henry, Peter, Jane, Brigette', NULL, NULL, NULL, NULL, NULL, NULL, NULL, NULL, NULL, NULL, NULL, NULL, NULL, NULL, NULL, NULL, NULL, NULL, NULL, NULL, NULL, NULL, NULL, NULL, NULL, NULL, NULL, NULL, NULL, NULL, NULL, NULL, NULL, NULL, NULL, NULL, NULL, NULL, NULL, NULL, NULL, '2017-03-22 07:21:07', '2017-03-22 07:21:07'),
(35, 3000, 1001, 0, 1, NULL, '2350', '3500', '2016-12-05', 'New York', 'Retire Well', '180', '90', '74', '18', '5', 'Ralph, Alice', NULL, NULL, NULL, NULL, NULL, NULL, NULL, NULL, NULL, NULL, NULL, NULL, NULL, NULL, NULL, NULL, NULL, NULL, NULL, NULL, NULL, NULL, NULL, NULL, NULL, NULL, NULL, NULL, NULL, NULL, NULL, NULL, NULL, NULL, NULL, NULL, NULL, NULL, NULL, NULL, NULL, '2017-03-22 07:21:07', '2017-03-22 07:21:07'),
(929, 3001, 1001, 0, 1, NULL, '2016-12-09', 'December', 'Austin', 'Steve', 'referral', '85234', '2016-12-07', 'Retirement Today', 'yes', 'yes', 'yes', 'John Smith', 'yes', 'yes', 'yes', 'yes', 'yes', 'yes', 'Became client', '', NULL, NULL, NULL, NULL, NULL, NULL, NULL, NULL, NULL, NULL, NULL, NULL, NULL, NULL, NULL, NULL, NULL, NULL, NULL, NULL, NULL, NULL, NULL, NULL, NULL, NULL, NULL, NULL, NULL, NULL, NULL, NULL, '2017-05-03 06:08:10', '2017-05-03 06:08:10'),
(930, 3001, 1001, 0, 1, NULL, '2016-12-11', 'December', 'Doe', 'John', 'personal', '85234', '2016-12-14', 'Retirement Today', 'yes', 'yes', 'no', 'Erica Pauly', 'no', 'no', 'no', 'no', 'no', 'no', 'Dead', '', NULL, NULL, NULL, NULL, NULL, NULL, NULL, NULL, NULL, NULL, NULL, NULL, NULL, NULL, NULL, NULL, NULL, NULL, NULL, NULL, NULL, NULL, NULL, NULL, NULL, NULL, NULL, NULL, NULL, NULL, NULL, NULL, '2017-05-03 06:08:10', '2017-05-03 06:08:10'),
(931, 3001, 1001, 0, 1, NULL, '2016-12-12', 'December', 'Gray', 'Jean', 'referral', '85234', '2016-12-07', 'Retirement Today', 'yes', 'yes', 'yes', 'Flash Gordon', 'yes', 'yes', 'yes', 'yes', 'yes', 'yes', 'Became client', '', NULL, NULL, NULL, NULL, NULL, NULL, NULL, NULL, NULL, NULL, NULL, NULL, NULL, NULL, NULL, NULL, NULL, NULL, NULL, NULL, NULL, NULL, NULL, NULL, NULL, NULL, NULL, NULL, NULL, NULL, NULL, NULL, '2017-05-03 06:08:10', '2017-05-03 06:08:10'),
(932, 3001, 1001, 0, 1, NULL, '2016-12-13', 'December', 'Jones', 'Blaine', 'style ad', '85234', '2016-12-07', 'Retire Well', 'yes', 'no', 'no', 'John Smith', 'no', 'no', 'no', 'no', 'no', 'no', 'Dead', '', NULL, NULL, NULL, NULL, NULL, NULL, NULL, NULL, NULL, NULL, NULL, NULL, NULL, NULL, NULL, NULL, NULL, NULL, NULL, NULL, NULL, NULL, NULL, NULL, NULL, NULL, NULL, NULL, NULL, NULL, NULL, NULL, '2017-05-03 06:08:10', '2017-05-03 06:08:10'),
(933, 3001, 1001, 0, 1, NULL, '2016-12-14', 'December', 'Jones', 'Nora', 'radio', '85234', '2016-12-07', 'Retire Well', 'yes', 'yes', 'yes', 'Erica Pauly', 'yes', 'yes', 'yes', 'yes', 'yes', 'yes', 'Became client', '', NULL, NULL, NULL, NULL, NULL, NULL, NULL, NULL, NULL, NULL, NULL, NULL, NULL, NULL, NULL, NULL, NULL, NULL, NULL, NULL, NULL, NULL, NULL, NULL, NULL, NULL, NULL, NULL, NULL, NULL, NULL, NULL, '2017-05-03 06:08:10', '2017-05-03 06:08:10'),
(934, 3001, 1001, 0, 1, NULL, '2016-12-15', 'December', 'Jones', 'Quincy', 'referral', '85234', '2016-12-07', 'Retire Well', 'yes', 'yes', 'yes', 'Flash Gordon', 'yes', 'yes', 'yes', 'yes', 'yes', 'yes', 'Became client', '', NULL, NULL, NULL, NULL, NULL, NULL, NULL, NULL, NULL, NULL, NULL, NULL, NULL, NULL, NULL, NULL, NULL, NULL, NULL, NULL, NULL, NULL, NULL, NULL, NULL, NULL, NULL, NULL, NULL, NULL, NULL, NULL, '2017-05-03 06:08:10', '2017-05-03 06:08:10'),
(935, 3001, 1001, 0, 1, NULL, '2016-12-16', 'December', 'Jones', 'Catherine', 'referral', '85234', '2016-12-23', 'Retire Well', 'no', 'no', 'no', 'John Smith', 'no', 'no', 'no', 'no', 'no', 'no', 'Dead', '', NULL, NULL, NULL, NULL, NULL, NULL, NULL, NULL, NULL, NULL, NULL, NULL, NULL, NULL, NULL, NULL, NULL, NULL, NULL, NULL, NULL, NULL, NULL, NULL, NULL, NULL, NULL, NULL, NULL, NULL, NULL, NULL, '2017-05-03 06:08:10', '2017-05-03 06:08:10'),
(936, 3001, 1001, 0, 1, NULL, '2016-12-17', 'December', 'Jones', 'Rashida', 'referral', '85234', '2016-12-23', 'Retire Well', 'yes', 'yes', 'yes', 'Erica Pauly', 'yes', 'yes', 'yes', 'yes', 'yes', 'yes', 'Became client', '', NULL, NULL, NULL, NULL, NULL, NULL, NULL, NULL, NULL, NULL, NULL, NULL, NULL, NULL, NULL, NULL, NULL, NULL, NULL, NULL, NULL, NULL, NULL, NULL, NULL, NULL, NULL, NULL, NULL, NULL, NULL, NULL, '2017-05-03 06:08:10', '2017-05-03 06:08:10'),
(937, 3001, 1001, 0, 1, NULL, '2016-12-18', 'December', 'Kenobi', 'Ben', 'referral', '85234', '2016-12-07', 'Retire Well', 'yes', 'no', 'no', 'Flash Gordon', 'no', 'no', 'no', 'no', 'no', 'no', 'Dead', '', NULL, NULL, NULL, NULL, NULL, NULL, NULL, NULL, NULL, NULL, NULL, NULL, NULL, NULL, NULL, NULL, NULL, NULL, NULL, NULL, NULL, NULL, NULL, NULL, NULL, NULL, NULL, NULL, NULL, NULL, NULL, NULL, '2017-05-03 06:08:10', '2017-05-03 06:08:10'),
(938, 3001, 1001, 0, 1, NULL, '2016-12-19', 'December', 'Lars', 'Owen', 'referral', '85234', '2016-12-07', 'Retire Well', 'yes', 'yes', 'yes', 'John Smith', 'yes', 'yes', 'yes', 'yes', 'yes', 'yes', 'Became client', '', NULL, NULL, NULL, NULL, NULL, NULL, NULL, NULL, NULL, NULL, NULL, NULL, NULL, NULL, NULL, NULL, NULL, NULL, NULL, NULL, NULL, NULL, NULL, NULL, NULL, NULL, NULL, NULL, NULL, NULL, NULL, NULL, '2017-05-03 06:08:10', '2017-05-03 06:08:10'),
(939, 3001, 1001, 0, 1, NULL, '2016-12-20', 'December', 'Organa', 'Leia', 'referral', '85234', '2016-12-07', 'Retirement Today', 'no', 'no', 'yes', 'Erica Pauly', 'yes', 'yes', 'yes', 'yes', 'yes', 'yes', 'Became client', '', NULL, NULL, NULL, NULL, NULL, NULL, NULL, NULL, NULL, NULL, NULL, NULL, NULL, NULL, NULL, NULL, NULL, NULL, NULL, NULL, NULL, NULL, NULL, NULL, NULL, NULL, NULL, NULL, NULL, NULL, NULL, NULL, '2017-05-03 06:08:10', '2017-05-03 06:08:10'),
(940, 3001, 1001, 0, 1, NULL, '2016-12-21', 'December', 'Parker', 'Peter', 'referral', '85234', '2016-12-14', 'Retirement Today', 'yes', 'yes', 'yes', 'Flash Gordon', 'yes', 'yes', 'yes', 'yes', 'yes', 'yes', 'Became client', '', NULL, NULL, NULL, NULL, NULL, NULL, NULL, NULL, NULL, NULL, NULL, NULL, NULL, NULL, NULL, NULL, NULL, NULL, NULL, NULL, NULL, NULL, NULL, NULL, NULL, NULL, NULL, NULL, NULL, NULL, NULL, NULL, '2017-05-03 06:08:10', '2017-05-03 06:08:10'),
(941, 3001, 1001, 0, 1, NULL, '2016-12-22', 'December', 'Rogers', 'Steve', 'referral', '85234', '2016-12-07', 'Retirement Today', 'yes', 'yes', 'yes', 'John Smith', 'yes', 'yes', 'yes', 'yes', 'yes', 'yes', 'Became client', '', NULL, NULL, NULL, NULL, NULL, NULL, NULL, NULL, NULL, NULL, NULL, NULL, NULL, NULL, NULL, NULL, NULL, NULL, NULL, NULL, NULL, NULL, NULL, NULL, NULL, NULL, NULL, NULL, NULL, NULL, NULL, NULL, '2017-05-03 06:08:10', '2017-05-03 06:08:10'),
(942, 3001, 1001, 0, 1, NULL, '2016-12-23', 'December', 'Skywalker', 'Anakin', 'referral', '85234', '2016-12-07', 'Retire Well', 'yes', 'yes', 'no', 'Erica Pauly', 'no', 'no', 'no', 'no', 'no', 'no', 'Dead', '', NULL, NULL, NULL, NULL, NULL, NULL, NULL, NULL, NULL, NULL, NULL, NULL, NULL, NULL, NULL, NULL, NULL, NULL, NULL, NULL, NULL, NULL, NULL, NULL, NULL, NULL, NULL, NULL, NULL, NULL, NULL, NULL, '2017-05-03 06:08:10', '2017-05-03 06:08:10'),
(943, 3001, 1001, 0, 1, NULL, '2016-12-27', 'December', 'Skywalker', 'Luke', 'referral', '85234', '2016-12-07', 'Retirement Today', 'no', 'no', 'no', 'Flash Gordon', 'no', 'no', 'no', 'no', 'no', 'no', 'Dead', '', NULL, NULL, NULL, NULL, NULL, NULL, NULL, NULL, NULL, NULL, NULL, NULL, NULL, NULL, NULL, NULL, NULL, NULL, NULL, NULL, NULL, NULL, NULL, NULL, NULL, NULL, NULL, NULL, NULL, NULL, NULL, NULL, '2017-05-03 06:08:10', '2017-05-03 06:08:10'),
(944, 3001, 1001, 0, 1, NULL, '2016-12-28', 'December', 'Smith', 'John', 'referral', '85234', '2016-12-07', 'Retirement Today', 'no', 'no', 'yes', 'John Smith', 'yes', 'yes', 'yes', 'yes', 'yes', 'yes', 'Became client', '', NULL, NULL, NULL, NULL, NULL, NULL, NULL, NULL, NULL, NULL, NULL, NULL, NULL, NULL, NULL, NULL, NULL, NULL, NULL, NULL, NULL, NULL, NULL, NULL, NULL, NULL, NULL, NULL, NULL, NULL, NULL, NULL, '2017-05-03 06:08:10', '2017-05-03 06:08:10'),
(945, 3001, 1001, 0, 1, NULL, '2017-01-09', 'January', 'Solo', 'Han', 'referral', '85234', '2016-12-07', 'Retire Well', 'yes', 'yes', 'yes', 'Erica Pauly', 'yes', 'yes', 'yes', 'yes', 'yes', 'yes', 'Became client', '', NULL, NULL, NULL, NULL, NULL, NULL, NULL, NULL, NULL, NULL, NULL, NULL, NULL, NULL, NULL, NULL, NULL, NULL, NULL, NULL, NULL, NULL, NULL, NULL, NULL, NULL, NULL, NULL, NULL, NULL, NULL, NULL, '2017-05-03 06:08:10', '2017-05-03 06:08:10'),
(946, 3001, 1001, 0, 1, NULL, '2017-01-10', 'December', 'Storm', 'Sue', 'lunch n learn', '85234', '2016-12-07', 'Retirement Today', 'yes', 'yes', 'yes', 'Flash Gordon', 'yes', 'yes', 'yes', 'yes', 'yes', 'yes', 'Became client', '', NULL, NULL, NULL, NULL, NULL, NULL, NULL, NULL, NULL, NULL, NULL, NULL, NULL, NULL, NULL, NULL, NULL, NULL, NULL, NULL, NULL, NULL, NULL, NULL, NULL, NULL, NULL, NULL, NULL, NULL, NULL, NULL, '2017-05-03 06:08:10', '2017-05-03 06:08:10'),
(947, 3001, 1001, 0, 1, NULL, '2017-01-10', 'January', 'Windu', 'Mace', 'referral', '85234', '2016-12-07', 'Retire Well', 'yes', 'yes', 'yes', 'John Smith', 'yes', 'yes', 'yes', 'yes', 'yes', 'yes', 'Became client', '', NULL, NULL, NULL, NULL, NULL, NULL, NULL, NULL, NULL, NULL, NULL, NULL, NULL, NULL, NULL, NULL, NULL, NULL, NULL, NULL, NULL, NULL, NULL, NULL, NULL, NULL, NULL, NULL, NULL, NULL, NULL, NULL, '2017-05-03 06:08:10', '2017-05-03 06:08:10'),
(948, 3001, 1001, 0, 1, NULL, '2017-01-11', 'January', 'Austin', 'Steve', 'referral', '85234', '2016-12-07', 'Retirement Today', 'yes', 'no', 'yes', 'Erica Pauly', 'yes', 'yes', 'yes', 'yes', 'yes', 'yes', 'Became client', '', NULL, NULL, NULL, NULL, NULL, NULL, NULL, NULL, NULL, NULL, NULL, NULL, NULL, NULL, NULL, NULL, NULL, NULL, NULL, NULL, NULL, NULL, NULL, NULL, NULL, NULL, NULL, NULL, NULL, NULL, NULL, NULL, '2017-05-03 06:08:10', '2017-05-03 06:08:10'),
(949, 3001, 1001, 0, 1, NULL, '2017-01-12', 'January', 'Austin', 'Steve', 'referral', '85234', '2016-12-07', 'Retirement Today', 'yes', 'yes', 'yes', 'Flash Gordon', 'yes', 'yes', 'yes', 'yes', 'yes', 'yes', 'Became client', '', NULL, NULL, NULL, NULL, NULL, NULL, NULL, NULL, NULL, NULL, NULL, NULL, NULL, NULL, NULL, NULL, NULL, NULL, NULL, NULL, NULL, NULL, NULL, NULL, NULL, NULL, NULL, NULL, NULL, NULL, NULL, NULL, '2017-05-03 06:08:10', '2017-05-03 06:08:10'),
(950, 3001, 1001, 0, 1, NULL, '2017-01-13', 'January', 'Austin', 'Steve', 'referral', '85234', '2016-12-14', 'Retirement Today', 'yes', 'no', 'yes', 'John Smith', 'yes', 'yes', 'yes', 'yes', 'yes', 'yes', 'Became client', '', NULL, NULL, NULL, NULL, NULL, NULL, NULL, NULL, NULL, NULL, NULL, NULL, NULL, NULL, NULL, NULL, NULL, NULL, NULL, NULL, NULL, NULL, NULL, NULL, NULL, NULL, NULL, NULL, NULL, NULL, NULL, NULL, '2017-05-03 06:08:10', '2017-05-03 06:08:10'),
(951, 3001, 1001, 0, 1, NULL, '2017-01-16', 'January', 'Austin', 'Steve', 'referral', '85234', '2016-12-14', 'Retirement Today', 'yes', 'yes', 'yes', 'Erica Pauly', 'yes', 'yes', 'yes', 'yes', 'yes', 'yes', 'Became client', '', NULL, NULL, NULL, NULL, NULL, NULL, NULL, NULL, NULL, NULL, NULL, NULL, NULL, NULL, NULL, NULL, NULL, NULL, NULL, NULL, NULL, NULL, NULL, NULL, NULL, NULL, NULL, NULL, NULL, NULL, NULL, NULL, '2017-05-03 06:08:10', '2017-05-03 06:08:10'),
(952, 3001, 1001, 0, 1, NULL, '2017-01-17', 'January', 'Austin', 'Steve', 'referral', '85234', '2016-12-07', 'Retirement Today', 'yes', 'no', 'yes', 'Flash Gordon', 'yes', 'yes', 'yes', 'yes', 'yes', 'yes', 'Became client', '', NULL, NULL, NULL, NULL, NULL, NULL, NULL, NULL, NULL, NULL, NULL, NULL, NULL, NULL, NULL, NULL, NULL, NULL, NULL, NULL, NULL, NULL, NULL, NULL, NULL, NULL, NULL, NULL, NULL, NULL, NULL, NULL, '2017-05-03 06:08:10', '2017-05-03 06:08:10'),
(953, 3001, 1001, 0, 1, NULL, '2017-01-18', 'January', 'Austin', 'Steve', 'referral', '85234', '2016-12-14', 'Retirement Today', 'yes', 'no', 'yes', 'John Smith', 'yes', 'yes', 'yes', 'yes', 'yes', 'yes', 'Became client', '', NULL, NULL, NULL, NULL, NULL, NULL, NULL, NULL, NULL, NULL, NULL, NULL, NULL, NULL, NULL, NULL, NULL, NULL, NULL, NULL, NULL, NULL, NULL, NULL, NULL, NULL, NULL, NULL, NULL, NULL, NULL, NULL, '2017-05-03 06:08:10', '2017-05-03 06:08:10'),
(954, 3001, 1001, 0, 1, NULL, '2017-01-19', 'January', 'Austin', 'Steve', 'referral', '85234', '2016-12-07', 'Retirement Today', 'yes', 'yes', 'yes', 'Erica Pauly', 'yes', 'yes', 'yes', 'yes', 'yes', 'yes', 'Became client', '', NULL, NULL, NULL, NULL, NULL, NULL, NULL, NULL, NULL, NULL, NULL, NULL, NULL, NULL, NULL, NULL, NULL, NULL, NULL, NULL, NULL, NULL, NULL, NULL, NULL, NULL, NULL, NULL, NULL, NULL, NULL, NULL, '2017-05-03 06:08:10', '2017-05-03 06:08:10'),
(955, 3001, 1001, 0, 1, NULL, '2017-01-20', 'January', 'Austin', 'Steve', 'referral', '85234', '2016-12-14', 'Retirement Today', 'yes', 'yes', 'yes', 'Flash Gordon', 'yes', 'yes', 'yes', 'yes', 'yes', 'yes', 'Became client', '', NULL, NULL, NULL, NULL, NULL, NULL, NULL, NULL, NULL, NULL, NULL, NULL, NULL, NULL, NULL, NULL, NULL, NULL, NULL, NULL, NULL, NULL, NULL, NULL, NULL, NULL, NULL, NULL, NULL, NULL, NULL, NULL, '2017-05-03 06:08:10', '2017-05-03 06:08:10'),
(956, 3001, 1001, 0, 1, NULL, '2017-01-23', 'January', 'Austin', 'Steve', 'referral', '85234', '2016-12-07', 'Retirement Today', 'yes', 'yes', 'yes', 'John Smith', 'yes', 'yes', 'yes', 'yes', 'yes', 'yes', 'Became client', '', NULL, NULL, NULL, NULL, NULL, NULL, NULL, NULL, NULL, NULL, NULL, NULL, NULL, NULL, NULL, NULL, NULL, NULL, NULL, NULL, NULL, NULL, NULL, NULL, NULL, NULL, NULL, NULL, NULL, NULL, NULL, NULL, '2017-05-03 06:08:10', '2017-05-03 06:08:10'),
(957, 3001, 1001, 0, 1, NULL, '2017-01-24', 'January', 'Austin', 'Steve', 'referral', '85234', '2016-12-07', 'Retirement Today', 'yes', 'no', 'yes', 'Erica Pauly', 'yes', 'yes', 'yes', 'yes', 'yes', 'yes', 'Became client', '', NULL, NULL, NULL, NULL, NULL, NULL, NULL, NULL, NULL, NULL, NULL, NULL, NULL, NULL, NULL, NULL, NULL, NULL, NULL, NULL, NULL, NULL, NULL, NULL, NULL, NULL, NULL, NULL, NULL, NULL, NULL, NULL, '2017-05-03 06:08:10', '2017-05-03 06:08:10'),
(958, 3001, 1001, 0, 1, NULL, '2017-01-25', 'January', 'Austin', 'Steve', 'referral', '85234', '2016-12-07', 'Retirement Today', 'yes', 'yes', 'yes', 'Flash Gordon', 'yes', 'yes', 'yes', 'yes', 'yes', 'yes', 'Became client', '', NULL, NULL, NULL, NULL, NULL, NULL, NULL, NULL, NULL, NULL, NULL, NULL, NULL, NULL, NULL, NULL, NULL, NULL, NULL, NULL, NULL, NULL, NULL, NULL, NULL, NULL, NULL, NULL, NULL, NULL, NULL, NULL, '2017-05-03 06:08:10', '2017-05-03 06:08:10'),
(959, 3001, 1001, 0, 1, NULL, '2017-01-26', 'January', 'Austin', 'Steve', 'referral', '85234', '2016-12-07', 'Retirement Today', 'yes', 'yes', 'yes', 'John Smith', 'yes', 'yes', 'yes', 'yes', 'yes', 'yes', 'Became client', '', NULL, NULL, NULL, NULL, NULL, NULL, NULL, NULL, NULL, NULL, NULL, NULL, NULL, NULL, NULL, NULL, NULL, NULL, NULL, NULL, NULL, NULL, NULL, NULL, NULL, NULL, NULL, NULL, NULL, NULL, NULL, NULL, '2017-05-03 06:08:10', '2017-05-03 06:08:10'),
(1040, 3002, 1001, 0, 1, NULL, 'Austin', 'Steve', 'referral', '2016-12-07', 'Retirement Today', 'John Smith', '2016-12-22', 'December', '987.65', '1345.99', '1625.00', 'Term', '2017-01-02', '1175.00', '2017-01-03', '1450.00', '1425.00', '85204', NULL, NULL, NULL, NULL, NULL, NULL, NULL, NULL, NULL, NULL, NULL, NULL, NULL, NULL, NULL, NULL, NULL, NULL, NULL, NULL, NULL, NULL, NULL, NULL, NULL, NULL, NULL, NULL, NULL, NULL, NULL, NULL, NULL, NULL, '2017-05-21 21:11:55', '2017-05-21 21:11:55'),
(1041, 3002, 1001, 0, 1, NULL, 'Banner', 'Bruce', 'lunch n learn', '2016-12-28', 'Retirement Today', 'Erica Pauly', '2016-12-30', 'December', '987.65', '1345.99', '1625.00', 'Term', '2017-01-04', '0.00', '2017-01-03', '1450.00', '1425.00', '85296', NULL, NULL, NULL, NULL, NULL, NULL, NULL, NULL, NULL, NULL, NULL, NULL, NULL, NULL, NULL, NULL, NULL, NULL, NULL, NULL, NULL, NULL, NULL, NULL, NULL, NULL, NULL, NULL, NULL, NULL, NULL, NULL, NULL, NULL, '2017-05-21 21:11:55', '2017-05-21 21:11:55'),
(1042, 3002, 1001, 0, 1, NULL, 'Doe', 'John', 'personal', '2016-12-07', 'Retirement Today', 'Flash Gordon', '2016-12-16', 'December', '987.65', '1345.99', '1625.00', 'Term', '2017-02-08', '1695.50', '2017-01-03', '0.00', '1425.00', '85225', NULL, NULL, NULL, NULL, NULL, NULL, NULL, NULL, NULL, NULL, NULL, NULL, NULL, NULL, NULL, NULL, NULL, NULL, NULL, NULL, NULL, NULL, NULL, NULL, NULL, NULL, NULL, NULL, NULL, NULL, NULL, NULL, NULL, NULL, '2017-05-21 21:11:55', '2017-05-21 21:11:55'),
(1043, 3002, 1001, 0, 1, NULL, 'Gray', 'Jean', 'referral', '2016-12-28', 'Retirement Today', 'Erica Pauly', '2016-12-30', 'December', '987.65', '1345.99', '1625.00', 'Term', '2016-12-13', '0.00', '2017-01-03', '1450.00', '1425.00', '85205', NULL, NULL, NULL, NULL, NULL, NULL, NULL, NULL, NULL, NULL, NULL, NULL, NULL, NULL, NULL, NULL, NULL, NULL, NULL, NULL, NULL, NULL, NULL, NULL, NULL, NULL, NULL, NULL, NULL, NULL, NULL, NULL, NULL, NULL, '2017-05-21 21:11:55', '2017-05-21 21:11:55'),
(1044, 3002, 1001, 0, 1, NULL, 'Jones', 'Blaine', 'style ad', '2016-12-22', 'Retire Well', 'John Smith', '2017-01-03', 'January', '1100.45', '1250.75', '1500.00', 'Term', '2016-12-16', '2650.00', '2017-01-02', '1550.00', '1450.00', '85204', NULL, NULL, NULL, NULL, NULL, NULL, NULL, NULL, NULL, NULL, NULL, NULL, NULL, NULL, NULL, NULL, NULL, NULL, NULL, NULL, NULL, NULL, NULL, NULL, NULL, NULL, NULL, NULL, NULL, NULL, NULL, NULL, NULL, NULL, '2017-05-21 21:11:55', '2017-05-21 21:11:55'),
(1045, 3002, 1001, 0, 1, NULL, 'Jones', 'Nora', 'radio', '2016-12-05', 'Retire Well', 'Flash Gordon', '2017-01-11', 'January', '1100.45', '1250.75', '1500.00', 'Term', '2016-12-27', '2230.00', '2017-01-02', '1550.00', '1450.00', '85204', NULL, NULL, NULL, NULL, NULL, NULL, NULL, NULL, NULL, NULL, NULL, NULL, NULL, NULL, NULL, NULL, NULL, NULL, NULL, NULL, NULL, NULL, NULL, NULL, NULL, NULL, NULL, NULL, NULL, NULL, NULL, NULL, NULL, NULL, '2017-05-21 21:11:55', '2017-05-21 21:11:55'),
(1046, 3002, 1001, 0, 1, NULL, 'Jones', 'Catherine', 'college course', '2016-12-22', 'Retire Well', 'John Smith', '2017-01-17', 'January', '1100.45', '1250.75', '1500.00', 'Term', '2017-02-03', '0.00', '2017-01-02', '1550.00', '1450.00', '85296', NULL, NULL, NULL, NULL, NULL, NULL, NULL, NULL, NULL, NULL, NULL, NULL, NULL, NULL, NULL, NULL, NULL, NULL, NULL, NULL, NULL, NULL, NULL, NULL, NULL, NULL, NULL, NULL, NULL, NULL, NULL, NULL, NULL, NULL, '2017-05-21 21:11:55', '2017-05-21 21:11:55'),
(1047, 3002, 1001, 0, 1, NULL, 'Jones', 'Quincy', 'radio', '2016-12-05', 'Retire Well', 'Erica Pauly', '2017-01-26', 'January', '1100.45', '1250.75', '1500.00', 'Term', '2017-02-12', '1450.75', '2017-01-02', '1550.00', '1450.00', '85205', NULL, NULL, NULL, NULL, NULL, NULL, NULL, NULL, NULL, NULL, NULL, NULL, NULL, NULL, NULL, NULL, NULL, NULL, NULL, NULL, NULL, NULL, NULL, NULL, NULL, NULL, NULL, NULL, NULL, NULL, NULL, NULL, NULL, NULL, '2017-05-21 21:11:55', '2017-05-21 21:11:55'),
(1048, 3002, 1001, 0, 1, NULL, 'Jones', 'Rashida', 'radio', '2016-12-22', 'Retire Well', 'Flash Gordon', '2017-02-08', 'January', '1100.45', '1250.75', '1500.00', 'Term', '2017-03-15', '1000.00', '2017-01-02', '1550.00', '1450.00', '85296', NULL, NULL, NULL, NULL, NULL, NULL, NULL, NULL, NULL, NULL, NULL, NULL, NULL, NULL, NULL, NULL, NULL, NULL, NULL, NULL, NULL, NULL, NULL, NULL, NULL, NULL, NULL, NULL, NULL, NULL, NULL, NULL, NULL, NULL, '2017-05-21 21:11:55', '2017-05-21 21:11:55'),
(1049, 3002, 1001, 0, 1, NULL, 'Kenobi', 'Ben', 'lunch n learn', '2016-12-05', 'Retire Well', 'Erica Pauly', '2017-02-16', 'January', '1100.45', '1250.75', '1500.00', 'Term', '2016-12-09', '1800.00', '2017-01-02', '0.00', '1450.00', '85204', NULL, NULL, NULL, NULL, NULL, NULL, NULL, NULL, NULL, NULL, NULL, NULL, NULL, NULL, NULL, NULL, NULL, NULL, NULL, NULL, NULL, NULL, NULL, NULL, NULL, NULL, NULL, NULL, NULL, NULL, NULL, NULL, NULL, NULL, '2017-05-21 21:11:55', '2017-05-21 21:11:55'),
(1050, 3002, 1001, 0, 1, NULL, 'Lars', 'Owen', 'style ad', '2016-12-22', 'Retire Well', 'John Smith', '2017-01-03', 'January', '1100.45', '1250.75', '1500.00', 'Term', '2017-03-31', '0.00', '2017-01-02', '1550.00', '1450.00', '85296', NULL, NULL, NULL, NULL, NULL, NULL, NULL, NULL, NULL, NULL, NULL, NULL, NULL, NULL, NULL, NULL, NULL, NULL, NULL, NULL, NULL, NULL, NULL, NULL, NULL, NULL, NULL, NULL, NULL, NULL, NULL, NULL, NULL, NULL, '2017-05-21 21:11:55', '2017-05-21 21:11:55'),
(1051, 3002, 1001, 0, 1, NULL, 'Organa', 'Leia', 'referral', '2016-12-07', 'Retirement Today', 'Flash Gordon', '2016-12-23', 'December', '987.65', '1345.99', '1625.00', 'Term', '2017-02-02', '2572.00', '2017-01-03', '1450.00', '1425.00', '85204', NULL, NULL, NULL, NULL, NULL, NULL, NULL, NULL, NULL, NULL, NULL, NULL, NULL, NULL, NULL, NULL, NULL, NULL, NULL, NULL, NULL, NULL, NULL, NULL, NULL, NULL, NULL, NULL, NULL, NULL, NULL, NULL, NULL, NULL, '2017-05-21 21:11:55', '2017-05-21 21:11:55'),
(1052, 3002, 1001, 0, 1, NULL, 'Parker', 'Peter', 'personal', '2016-12-28', 'Retirement Today', 'John Smith', '2016-12-30', 'December', '987.65', '1345.99', '1625.00', 'Term', '2017-01-16', '3582.00', '2017-01-03', '1450.00', '1425.00', '85204', NULL, NULL, NULL, NULL, NULL, NULL, NULL, NULL, NULL, NULL, NULL, NULL, NULL, NULL, NULL, NULL, NULL, NULL, NULL, NULL, NULL, NULL, NULL, NULL, NULL, NULL, NULL, NULL, NULL, NULL, NULL, NULL, NULL, NULL, '2017-05-21 21:11:55', '2017-05-21 21:11:55'),
(1053, 3002, 1001, 0, 1, NULL, 'Rogers', 'Steve', 'college course', '2016-12-07', 'Retirement Today', 'Erica Pauly', '2016-12-28', 'December', '987.65', '1345.99', '1625.00', 'Term', '2017-01-17', '0.00', '2017-01-03', '1450.00', '1425.00', '85296', NULL, NULL, NULL, NULL, NULL, NULL, NULL, NULL, NULL, NULL, NULL, NULL, NULL, NULL, NULL, NULL, NULL, NULL, NULL, NULL, NULL, NULL, NULL, NULL, NULL, NULL, NULL, NULL, NULL, NULL, NULL, NULL, NULL, NULL, '2017-05-21 21:11:55', '2017-05-21 21:11:55'),
(1054, 3002, 1001, 0, 1, NULL, 'Skywalker', 'Anakin', 'radio', '2016-12-05', 'Retire Well', 'Erica Pauly', '2017-03-08', 'January', '1100.45', '1250.75', '1500.00', 'Term', '2017-01-19', '1140.00', '2017-01-02', '0.00', '1450.00', '85205', NULL, NULL, NULL, NULL, NULL, NULL, NULL, NULL, NULL, NULL, NULL, NULL, NULL, NULL, NULL, NULL, NULL, NULL, NULL, NULL, NULL, NULL, NULL, NULL, NULL, NULL, NULL, NULL, NULL, NULL, NULL, NULL, NULL, NULL, '2017-05-21 21:11:55', '2017-05-21 21:11:55'),
(1055, 3002, 1001, 0, 1, NULL, 'Skywalker', 'Luke', 'personal', '2016-12-28', 'Retirement Today', 'Flash Gordon', '2017-02-20', 'December', '987.65', '1345.99', '1625.00', 'Term', '2016-12-12', '1282.00', '2017-01-03', '0.00', '1425.00', '85205', NULL, NULL, NULL, NULL, NULL, NULL, NULL, NULL, NULL, NULL, NULL, NULL, NULL, NULL, NULL, NULL, NULL, NULL, NULL, NULL, NULL, NULL, NULL, NULL, NULL, NULL, NULL, NULL, NULL, NULL, NULL, NULL, NULL, NULL, '2017-05-21 21:11:55', '2017-05-21 21:11:55'),
(1056, 3002, 1001, 0, 1, NULL, 'Smith', 'John', 'personal', '2016-12-07', 'Retirement Today', 'John Smith', '2016-12-30', 'December', '987.65', '1345.99', '1625.00', 'Term', '2017-01-06', '0.00', '2017-01-03', '0.00', '1425.00', '85204', NULL, NULL, NULL, NULL, NULL, NULL, NULL, NULL, NULL, NULL, NULL, NULL, NULL, NULL, NULL, NULL, NULL, NULL, NULL, NULL, NULL, NULL, NULL, NULL, NULL, NULL, NULL, NULL, NULL, NULL, NULL, NULL, NULL, NULL, '2017-05-21 21:11:55', '2017-05-21 21:11:55'),
(1057, 3002, 1001, 0, 1, NULL, 'Solo', 'Han', 'radio', '2016-12-22', 'Retire Well', 'Flash Gordon', '2017-03-01', 'January', '1100.45', '1250.75', '1500.00', 'Term', '2016-12-16', '1575.50', '2017-01-02', '1550.00', '1450.00', '85296', NULL, NULL, NULL, NULL, NULL, NULL, NULL, NULL, NULL, NULL, NULL, NULL, NULL, NULL, NULL, NULL, NULL, NULL, NULL, NULL, NULL, NULL, NULL, NULL, NULL, NULL, NULL, NULL, NULL, NULL, NULL, NULL, NULL, NULL, '2017-05-21 21:11:55', '2017-05-21 21:11:55'),
(1058, 3002, 1001, 0, 1, NULL, 'Storm', 'Sue', 'personal', '2016-12-28', 'Retirement Today', 'John Smith', '2016-12-28', 'December', '987.65', '1345.99', '1625.00', 'Term', '2016-12-24', '1582.00', '2017-01-03', '1450.00', '1425.00', '85204', NULL, NULL, NULL, NULL, NULL, NULL, NULL, NULL, NULL, NULL, NULL, NULL, NULL, NULL, NULL, NULL, NULL, NULL, NULL, NULL, NULL, NULL, NULL, NULL, NULL, NULL, NULL, NULL, NULL, NULL, NULL, NULL, NULL, NULL, '2017-05-21 21:11:55', '2017-05-21 21:11:55'),
(1059, 3002, 1001, 0, 1, NULL, 'Windu', 'Mace', 'radio', '2016-12-05', 'Retire Well', 'Erica Pauly', '2017-01-03', 'January', '1100.45', '1250.75', '1500.00', 'Term', '2017-04-11', '1650.00', '2017-01-02', '1550.00', '1450.00', '85204', NULL, NULL, NULL, NULL, NULL, NULL, NULL, NULL, NULL, NULL, NULL, NULL, NULL, NULL, NULL, NULL, NULL, NULL, NULL, NULL, NULL, NULL, NULL, NULL, NULL, NULL, NULL, NULL, NULL, NULL, NULL, NULL, NULL, NULL, '2017-05-21 21:11:55', '2017-05-21 21:11:55');

-- --------------------------------------------------------

--
-- Table structure for table `users`
--

CREATE TABLE `users` (
  `id` int(10) UNSIGNED NOT NULL,
  `first_name` varchar(255) COLLATE utf8_unicode_ci NOT NULL,
  `last_name` varchar(255) COLLATE utf8_unicode_ci NOT NULL,
  `title` varchar(255) COLLATE utf8_unicode_ci DEFAULT NULL,
  `email` varchar(255) COLLATE utf8_unicode_ci NOT NULL,
  `password` varchar(255) COLLATE utf8_unicode_ci NOT NULL,
  `client_id` int(11) NOT NULL DEFAULT '0',
  `editor` int(11) NOT NULL DEFAULT '0',
  `admin` int(11) NOT NULL DEFAULT '0',
  `remember_token` varchar(100) COLLATE utf8_unicode_ci DEFAULT NULL,
  `last_login` timestamp NOT NULL,
  `login_count` int(11) NOT NULL DEFAULT '0',
  `created_at` timestamp NULL DEFAULT NULL,
  `updated_at` timestamp NULL DEFAULT NULL,
  `deleted_at` timestamp NULL DEFAULT NULL
) ENGINE=InnoDB DEFAULT CHARSET=utf8 COLLATE=utf8_unicode_ci;

--
-- Dumping data for table `users`
--

INSERT INTO `users` (`id`, `first_name`, `last_name`, `title`, `email`, `password`, `client_id`, `editor`, `admin`, `remember_token`, `last_login`, `login_count`, `created_at`, `updated_at`, `deleted_at`) VALUES
(1001, 'Blaine', 'Jones', 'owner', 'blainecjones@gmail.com', '$2y$10$TsI4/61/LIeAzjFn9Bo8WuL5c9kzApCDwibCU7DwoE2cPcOYzmVCG', 0, 1, 1, '3aFAGjf6KLdhTTI6dCGhCG4bXAb7PbzDouMKztgWYMyOJBYbZMALE2Fcvucc', '2017-05-23 13:15:59', 8, '2017-03-21 07:15:30', '2017-05-23 13:15:59', NULL),
(1002, 'Carly', 'Jones', 'manager', 'actuallycarlyjones@gmail.com', '$2y$10$4WxBJk4ARpcYQAK3IhyC4.Icgta2pJbt2SH65RMQCW1U9DejEgz/S', 0, 1, 0, NULL, '2017-03-17 14:15:30', 7, '2017-03-21 07:15:30', '2017-03-21 07:15:30', NULL),
(1003, 'Jane', 'Doe', 'account manager', 'janedoe@gmail123.com', '$2y$10$7a4ugye5Mj8S3phdpZ54c.B.osQ5r62PU2W9LpkA27OHnUZrjdAAW', 2000, 0, 0, NULL, '2017-03-16 14:15:30', 17, '2017-03-21 07:15:30', '2017-03-21 07:15:30', NULL);

--
-- Indexes for dumped tables
--

--
-- Indexes for table `clients`
--
ALTER TABLE `clients`
  ADD PRIMARY KEY (`id`);

--
-- Indexes for table `geocodes`
--
ALTER TABLE `geocodes`
  ADD PRIMARY KEY (`id`);

--
-- Indexes for table `logs`
--
ALTER TABLE `logs`
  ADD PRIMARY KEY (`id`),
  ADD KEY `model` (`model`),
  ADD KEY `model_id` (`model_id`),
  ADD KEY `action` (`action`),
  ADD KEY `user_id` (`user_id`);

--
-- Indexes for table `migrations`
--
ALTER TABLE `migrations`
  ADD PRIMARY KEY (`id`);

--
-- Indexes for table `password_resets`
--
ALTER TABLE `password_resets`
  ADD KEY `password_resets_email_index` (`email`),
  ADD KEY `password_resets_token_index` (`token`);

--
-- Indexes for table `reports`
--
ALTER TABLE `reports`
  ADD PRIMARY KEY (`id`),
  ADD KEY `reports_client_id_index` (`client_id`),
  ADD KEY `reports_template_id_index` (`template_id`);

--
-- Indexes for table `report_templates`
--
ALTER TABLE `report_templates`
  ADD PRIMARY KEY (`id`);

--
-- Indexes for table `spreadsheets`
--
ALTER TABLE `spreadsheets`
  ADD PRIMARY KEY (`id`),
  ADD KEY `spreadsheets_client_id_index` (`client_id`);

--
-- Indexes for table `spreadsheet_columns`
--
ALTER TABLE `spreadsheet_columns`
  ADD PRIMARY KEY (`id`),
  ADD KEY `spreadsheet_columns_spreadsheet_id_index` (`spreadsheet_id`);

--
-- Indexes for table `spreadsheet_contents`
--
ALTER TABLE `spreadsheet_contents`
  ADD PRIMARY KEY (`id`),
  ADD KEY `spreadsheet_contents_spreadsheet_id_index` (`spreadsheet_id`),
  ADD KEY `spreadsheet_contents_added_by_index` (`added_by`),
  ADD KEY `spreadsheet_contents_revision_id_index` (`revision_id`),
  ADD KEY `spreadsheet_contents_validated_index` (`validated`);

--
-- Indexes for table `users`
--
ALTER TABLE `users`
  ADD PRIMARY KEY (`id`),
  ADD UNIQUE KEY `users_email_unique` (`email`),
  ADD KEY `users_client_id_index` (`client_id`),
  ADD KEY `users_editor_index` (`editor`),
  ADD KEY `users_admin_index` (`admin`);

--
-- AUTO_INCREMENT for dumped tables
--

--
-- AUTO_INCREMENT for table `clients`
--
ALTER TABLE `clients`
  MODIFY `id` int(10) UNSIGNED NOT NULL AUTO_INCREMENT, AUTO_INCREMENT=2003;
--
-- AUTO_INCREMENT for table `geocodes`
--
ALTER TABLE `geocodes`
  MODIFY `id` int(11) NOT NULL AUTO_INCREMENT;
--
-- AUTO_INCREMENT for table `logs`
--
ALTER TABLE `logs`
  MODIFY `id` int(11) NOT NULL AUTO_INCREMENT, AUTO_INCREMENT=623;
--
-- AUTO_INCREMENT for table `migrations`
--
ALTER TABLE `migrations`
  MODIFY `id` int(10) UNSIGNED NOT NULL AUTO_INCREMENT, AUTO_INCREMENT=64;
--
-- AUTO_INCREMENT for table `reports`
--
ALTER TABLE `reports`
  MODIFY `id` int(10) UNSIGNED NOT NULL AUTO_INCREMENT, AUTO_INCREMENT=4009;
--
-- AUTO_INCREMENT for table `report_templates`
--
ALTER TABLE `report_templates`
  MODIFY `id` int(10) UNSIGNED NOT NULL AUTO_INCREMENT, AUTO_INCREMENT=1007;
--
-- AUTO_INCREMENT for table `spreadsheets`
--
ALTER TABLE `spreadsheets`
  MODIFY `id` int(10) UNSIGNED NOT NULL AUTO_INCREMENT, AUTO_INCREMENT=3003;
--
-- AUTO_INCREMENT for table `spreadsheet_columns`
--
ALTER TABLE `spreadsheet_columns`
  MODIFY `id` int(10) UNSIGNED NOT NULL AUTO_INCREMENT, AUTO_INCREMENT=5086;
--
-- AUTO_INCREMENT for table `spreadsheet_contents`
--
ALTER TABLE `spreadsheet_contents`
  MODIFY `id` int(10) UNSIGNED NOT NULL AUTO_INCREMENT, AUTO_INCREMENT=1060;
--
-- AUTO_INCREMENT for table `users`
--
ALTER TABLE `users`
  MODIFY `id` int(10) UNSIGNED NOT NULL AUTO_INCREMENT, AUTO_INCREMENT=1004;
/*!40101 SET CHARACTER_SET_CLIENT=@OLD_CHARACTER_SET_CLIENT */;
/*!40101 SET CHARACTER_SET_RESULTS=@OLD_CHARACTER_SET_RESULTS */;
/*!40101 SET COLLATION_CONNECTION=@OLD_COLLATION_CONNECTION */;
